0,20150427,1,1,0,0,0,2,97.411
1,20160420,2,0,0,0,0,1,56.868
2,20160909,42,5,11,1,54,58,16826.994
2,20160910,1,0,1,1,10,10,2998.267000000001
2,20160911,12,7,2,2,10,26,4158.787
2,20160912,0,0,0,0,3,2,956.832
2,20160913,3,0,0,2,75,61,19967.738
2,20160914,2,0,0,0,16,18,4253.964
2,20160915,0,0,0,1,3,4,834.189
3,20150101,0,0,1,0,10,10,2216.926
3,20150102,0,0,0,1,13,14,3554.733
3,20150104,0,1,0,0,107,108,26245.53
3,20150105,0,0,0,0,118,118,28924.689
3,20150106,2,0,1,1,143,134,36182.917
3,20150107,0,2,0,0,134,36,33902.786
3,20150108,3,1,0,1,154,57,35431.659
3,20150109,1,0,0,2,168,75,38995.978
3,20150110,2,0,3,0,68,57,16326.789
3,20150111,0,0,0,0,98,49,25507.017000000003
3,20150112,0,0,1,1,140,142,35971.087
3,20150113,1,0,1,0,179,178,43571.39
3,20150114,6,0,1,0,126,132,29666.924
3,20150115,1,0,2,0,142,124,33055.217000000004
3,20150116,0,0,0,0,8,8,1871.17
3,20150118,0,0,2,0,103,104,26149.836
3,20150119,0,0,0,0,2,2,402.193
3,20150120,0,2,1,1,28,32,6790.773
3,20150121,0,0,0,0,26,26,6290.845
3,20150122,0,1,0,1,37,37,9171.416
3,20150131,0,1,1,0,27,29,6264.7
3,20150203,3,5,0,3,16,27,4697.051
3,20150204,1,1,0,1,5,8,1495.774
3,20150206,2,0,0,0,2,4,535.307
3,20150210,2,1,1,0,119,26,27349.681
3,20150211,2,0,0,0,105,60,25033.939
3,20150218,2,1,0,0,81,83,20854.065
3,20150219,3,1,0,1,34,38,8936.835
3,20150222,4,1,0,0,23,24,5412.271
3,20150223,0,0,0,0,112,110,26150.019
3,20150224,3,1,0,0,134,129,34056.528
3,20150225,1,0,0,0,126,24,28277.926
3,20150226,0,0,0,0,14,14,3182.76
3,20150227,0,0,0,0,4,4,863.735
3,20150301,1,0,0,0,110,100,25136.038
3,20150302,1,1,0,0,118,102,27462.24
3,20150303,1,0,0,0,126,40,28222.126
3,20150304,1,0,0,1,109,103,28077.49700000001
3,20150305,1,0,0,0,94,83,24478.06700000001
3,20150306,0,0,0,0,102,98,26271.607000000004
3,20150307,0,0,0,0,100,100,25662.737
3,20150308,0,1,0,0,109,109,28058.635
3,20150309,0,0,0,0,109,100,27810.259
3,20150310,0,0,0,0,110,102,25867.919
3,20150311,0,0,0,1,154,133,35670.499
3,20150312,6,1,2,1,149,157,37415.00700000001
3,20150313,0,0,0,1,158,158,37672.478
3,20150314,0,1,2,0,143,146,36099.069
3,20150315,12,11,8,3,70,94,18888.119
3,20150316,0,0,0,0,104,104,26274.34
3,20150317,1,2,1,0,113,109,28588.359
3,20150318,0,1,0,0,163,120,39973.329
3,20150319,0,2,0,0,118,99,29273.642000000003
3,20150320,1,0,0,0,136,119,31262.099
3,20150321,1,0,0,0,147,114,33781.187000000005
3,20150322,1,1,0,2,117,120,27115.088
3,20150323,0,1,1,0,139,107,35023.67
3,20150324,0,0,0,0,140,133,35278.97
3,20150325,0,1,0,0,163,164,39919.422
3,20150326,1,1,0,1,124,58,32688.449
3,20150327,0,0,0,0,83,53,21658.503
3,20150328,1,0,0,0,89,87,22976.753
3,20150329,1,0,0,2,143,145,35620.309
3,20150330,0,0,0,1,198,198,48315.609
3,20150331,0,0,1,0,161,157,39715.626
3,20150401,0,0,0,0,7,7,1742.89
3,20150402,0,0,0,0,44,44,10695.483
3,20150403,0,0,0,0,67,57,17557.303
3,20150404,2,2,1,0,69,53,18494.767
3,20150405,0,0,0,1,102,103,26595.828
3,20150406,1,0,0,0,196,124,50071.453
3,20150407,1,0,0,0,123,119,31252.42
3,20150408,0,1,0,0,142,125,34516.658
3,20150409,0,0,1,0,137,124,34659.45
3,20150410,0,0,1,0,125,102,30250.56
3,20150411,0,0,0,0,136,130,33367.72
3,20150412,0,0,0,0,129,123,31955.05
3,20150413,0,0,1,0,161,124,39156.85
3,20150414,0,1,0,0,148,123,37442.99
3,20150415,0,0,1,0,125,125,29772.879
3,20150416,0,0,0,0,145,142,34317.87
3,20150417,1,1,1,0,125,114,29857.859
3,20150418,0,0,0,0,135,135,32038.298
3,20150419,0,0,0,1,155,153,37268.15
3,20150420,2,0,0,0,73,72,17573.63
3,20150421,1,1,1,2,128,85,28486.55
3,20150422,0,1,0,1,146,142,34600.539
3,20150423,0,0,0,0,138,134,32496.9
3,20150424,0,0,0,0,97,93,24379.952
3,20150425,4,4,0,2,97,102,24303.983
3,20150426,0,0,0,0,126,126,31973.671
3,20150427,0,0,0,1,147,99,38047.9
3,20150428,0,0,0,0,106,98,27262.779
3,20150429,0,1,0,0,119,103,30657.959
3,20150430,1,0,0,0,113,103,29132.0
3,20150501,1,0,0,0,132,132,31867.16
3,20150502,1,0,0,0,126,126,30566.61
3,20150503,1,1,0,0,128,125,30976.02
3,20150504,1,1,0,0,116,101,28128.539
3,20150505,0,0,0,0,122,122,29517.87
3,20150506,0,0,2,0,129,120,31837.039
3,20150507,0,1,1,0,175,154,42937.82900000001
3,20150508,0,0,0,0,124,123,30001.78
3,20150509,0,0,0,1,135,126,32868.85
3,20150510,0,0,0,0,125,117,29851.2
3,20150511,0,0,0,0,124,120,29721.63
3,20150512,0,0,0,1,135,128,32784.14
3,20150513,0,1,0,0,122,117,29424.11
3,20150514,0,1,0,0,113,100,29277.39
3,20150515,0,0,0,1,117,106,30254.291
3,20150516,0,0,0,0,136,132,31136.859
3,20150517,3,3,1,0,150,136,33904.02
3,20150518,0,0,0,0,146,136,33894.7
3,20150519,0,0,0,0,142,136,32946.61
3,20150520,2,3,2,0,162,153,37405.08
3,20150524,0,0,0,0,23,23,6168.629
3,20150525,3,0,2,1,136,123,33405.95
3,20150526,1,0,0,0,104,94,26901.85
3,20150527,0,0,0,2,131,103,33467.94
3,20150528,3,2,0,1,156,131,36676.68
3,20150529,0,0,0,0,13,13,2704.89
3,20150530,3,0,1,2,18,19,3659.619
3,20150531,0,0,1,0,115,113,28163.468
3,20150601,0,0,1,0,136,132,33300.099
3,20150602,0,1,0,0,145,140,35904.359
3,20150603,1,0,0,0,139,128,31683.92
3,20150604,0,0,2,2,170,170,38209.039
3,20150605,0,0,0,1,143,141,32315.24
3,20150606,3,2,1,1,138,135,33276.905
3,20150607,3,3,2,1,149,157,34614.82
3,20150608,0,0,0,0,118,118,26183.04
3,20150609,0,0,1,0,120,121,31577.87
3,20150610,1,0,1,0,140,142,34990.01
3,20150611,3,1,0,0,139,109,36137.377
3,20150612,6,2,3,4,206,77,41213.514
3,20150613,0,0,0,0,159,159,34378.39
3,20150614,1,2,1,0,143,143,32702.314
3,20150615,0,1,0,0,126,125,30138.829
3,20150616,0,0,0,0,149,148,35750.86
3,20150617,0,0,1,0,141,141,35282.14
3,20150619,0,0,0,0,21,21,4974.74
3,20150620,4,0,0,0,100,103,26020.732000000004
3,20150621,2,1,0,0,158,116,36957.549
3,20150622,0,0,0,0,113,106,28579.07
3,20150623,0,1,0,0,106,93,27224.959
3,20150624,0,0,0,0,107,91,27299.66
3,20150625,0,0,1,0,158,109,40540.579
3,20150626,1,0,0,0,131,116,33176.53
3,20150627,2,1,0,0,106,105,27538.899
3,20150628,2,0,1,1,144,142,36882.294
3,20150629,0,0,0,0,133,131,34522.107
3,20150630,0,1,0,0,136,101,35607.055
3,20150701,0,0,0,0,145,87,38123.286
3,20150702,3,0,1,0,107,110,27981.964
3,20150703,0,1,0,0,168,52,34954.382000000005
3,20150704,0,0,0,1,124,97,29702.08
3,20150705,0,0,0,0,140,130,31385.46
3,20150706,0,0,0,0,26,26,5547.736999999999
3,20150707,0,0,0,0,89,89,23049.797
3,20150708,2,0,0,0,142,121,33670.434
3,20150709,0,0,0,0,106,98,26744.999
3,20150710,0,0,0,0,99,85,25782.087000000003
3,20150711,0,0,1,0,117,116,28006.018
3,20150712,0,0,0,1,81,79,20654.524
3,20150717,0,0,1,0,106,100,27679.02
3,20150718,0,0,0,0,66,57,17412.407
3,20150719,0,0,0,0,41,41,10367.735
3,20150720,0,0,0,0,78,78,20444.495
3,20150721,0,0,0,0,116,116,26355.69200000001
3,20150722,0,0,0,0,34,34,7463.614
3,20150724,1,0,0,0,82,83,21405.927000000003
3,20150725,0,0,0,0,86,75,22150.768
3,20150726,0,0,1,0,146,97,38088.718
3,20150727,1,0,0,0,127,125,30400.278
3,20150728,1,0,0,0,111,18,26578.756
3,20150729,1,0,0,0,106,101,27200.851
3,20150730,1,0,0,0,152,133,35316.284
3,20150731,0,0,0,0,145,100,32325.917
3,20150801,0,0,1,0,143,100,31873.044
3,20150802,0,0,0,0,135,135,33775.303
3,20150803,0,0,0,0,123,86,31888.262
3,20150804,0,1,0,0,116,86,30300.236
3,20150805,0,0,0,0,32,32,8207.719000000001
3,20150807,1,0,0,0,67,68,17593.658
3,20150808,0,0,0,0,27,27,6931.619000000002
3,20150809,1,0,0,0,70,69,18077.016
3,20150810,3,0,0,0,34,35,8886.985999999999
3,20150814,1,1,0,0,10,2,1765.071
3,20150815,0,0,0,0,105,1,19594.995
3,20150816,1,0,0,1,150,3,29388.247000000014
3,20150817,0,0,0,0,93,2,21053.784
3,20150818,0,0,0,0,86,2,23221.819
3,20150819,0,0,0,1,103,2,25498.453
3,20150820,0,0,0,0,124,2,29147.883
3,20150821,1,0,0,0,108,2,28001.724
3,20150822,0,0,0,0,35,1,9257.465
3,20150823,0,0,0,0,67,1,20590.172
3,20150824,2,2,1,0,98,75,25801.819
3,20150825,0,0,0,0,108,108,27889.397
3,20150826,1,0,1,0,114,88,29815.014
3,20150827,0,0,0,0,108,107,27392.928
3,20150828,1,0,0,0,17,18,4481.758
3,20150829,0,0,0,0,79,79,20558.39
3,20150830,0,0,0,0,87,68,22514.79
3,20150831,0,1,0,0,93,76,24717.259
3,20150901,0,0,1,0,108,84,28060.623
3,20150902,1,0,0,0,121,90,31645.269
3,20150903,0,0,0,0,90,85,23687.513
3,20150904,1,0,0,0,83,77,22054.264
3,20150905,0,0,0,0,126,90,32897.013
3,20150906,0,0,0,1,136,96,35643.625
3,20150907,2,0,1,0,114,88,29972.004
3,20150908,1,4,0,0,105,108,24378.401
3,20150909,0,0,0,0,115,115,28773.356
3,20150910,0,0,0,0,111,106,28388.369
3,20150911,0,0,1,1,130,131,32103.158
3,20150912,2,0,1,0,25,28,6535.708000000001
3,20150913,0,0,0,0,134,134,31604.7
3,20150914,1,0,1,0,128,130,30533.549
3,20150915,0,0,0,1,122,122,30549.557
3,20150916,0,0,1,0,131,130,32306.219
3,20150917,0,0,0,0,98,95,24041.728
3,20150918,0,0,0,0,112,112,27291.119
3,20150919,0,0,1,0,105,103,27462.678
3,20150920,1,0,0,0,93,94,24154.467
3,20150923,0,0,1,0,104,100,27332.639
3,20150924,0,0,0,0,125,100,32569.087000000003
3,20150925,0,1,0,0,119,20,26769.085
3,20150926,0,1,0,0,18,19,4137.417
3,20150927,0,1,0,0,86,86,22311.368
3,20150928,0,0,0,0,27,27,7344.495
3,20150929,0,0,0,0,89,89,23110.849
3,20150930,1,0,0,0,107,71,27078.808
3,20151001,1,0,0,0,48,49,11939.549
3,20151002,0,0,0,0,110,100,28616.82
3,20151003,0,0,0,0,110,100,28597.505
3,20151004,0,0,0,1,116,100,30564.088
3,20151005,0,0,0,0,123,100,31660.166
3,20151006,0,0,0,0,127,100,33113.788
3,20151007,0,0,0,0,52,52,13447.608
3,20151008,0,0,0,0,2,2,518.87
3,20151011,0,0,0,0,109,100,28500.357000000004
3,20151012,0,0,0,0,116,100,30334.238
3,20151013,0,0,1,0,127,100,33195.978
3,20151014,1,0,0,0,110,101,28687.467
3,20151015,0,0,0,0,25,23,6322.89
3,20151016,0,0,0,1,95,96,24842.478
3,20151017,0,0,0,0,93,93,24181.329
3,20151018,1,0,0,0,126,106,32356.209
3,20151019,0,0,0,0,128,100,33332.336
3,20151020,0,0,0,0,119,100,30811.968
3,20151021,0,1,0,0,123,87,32329.658
3,20151022,0,0,0,0,123,101,32265.827
3,20151023,0,0,0,0,8,8,2019.7
3,20151024,0,0,0,0,110,100,28645.31
3,20151025,0,0,0,0,135,135,33148.869
3,20151026,0,0,0,0,44,44,10670.21
3,20151027,0,0,0,0,112,112,27126.279
3,20151028,1,1,0,0,114,116,27778.54
3,20151029,0,0,1,0,150,126,34420.1
3,20151030,0,0,0,0,23,23,5128.78
3,20151102,1,0,0,0,146,147,34888.33
3,20151103,0,1,0,0,142,104,32084.17
3,20151104,1,0,0,1,130,76,33437.55
3,20151105,0,0,0,0,125,103,32677.86
3,20151106,0,0,0,0,95,95,23467.84
3,20151107,0,0,0,0,121,108,31472.069
3,20151108,0,0,0,0,114,100,29623.677000000003
3,20151109,0,0,0,0,40,40,10110.56
3,20151110,0,0,0,0,124,100,32134.48
3,20151111,0,0,0,0,115,22,30423.32
3,20151112,0,0,0,0,6,6,1604.87
3,20151115,0,0,0,0,115,115,27905.94
3,20151116,0,0,1,0,158,97,38745.329
3,20151117,0,0,0,0,127,127,30773.219
3,20151118,0,0,0,0,144,124,36674.77
3,20151119,0,0,0,0,125,100,32289.3
3,20151120,0,0,0,0,74,74,17905.3
3,20151121,0,0,0,0,116,116,27872.11
3,20151122,0,0,0,0,148,148,35545.61
3,20151123,0,2,1,0,176,178,43162.86900000001
3,20151124,0,0,0,1,159,160,39459.209
3,20151125,0,0,0,0,130,130,31303.91
3,20151126,0,0,0,0,123,123,29629.47
3,20151127,0,0,0,0,7,7,1763.92
3,20151129,0,0,0,0,103,100,26509.28
3,20151130,1,0,0,0,151,110,38181.551
3,20151201,0,0,0,0,65,65,15212.35
3,20151202,0,0,0,0,128,54,29850.16
3,20151203,0,0,0,0,124,124,29666.72
3,20151204,1,0,0,0,171,172,42061.92
3,20151205,0,0,0,0,80,80,19885.45
3,20151206,8,2,1,2,119,112,30364.259
3,20151207,0,0,0,0,69,69,16722.74
3,20151208,4,0,0,0,53,51,12984.9
3,20151209,0,0,0,0,130,130,31726.999
3,20151210,0,0,0,0,136,136,32187.349
3,20151211,0,0,0,0,1,1,246.0
3,20151213,0,0,0,0,117,117,28882.18
3,20151214,10,3,0,1,200,211,49101.36
3,20151215,5,0,0,0,167,171,40703.487
3,20151216,0,1,0,1,233,231,53448.069
3,20151217,0,0,0,0,114,114,27305.93
3,20151218,3,2,1,0,180,179,44435.978
3,20151219,0,0,0,0,64,64,15475.12
3,20151220,0,1,0,0,106,107,26123.49
3,20151221,0,0,1,0,94,95,23831.65
3,20151222,2,0,1,0,213,200,50444.388
3,20151223,2,0,0,0,186,184,45407.288
3,20151224,1,0,0,0,126,127,30414.039
3,20151225,0,0,0,0,12,12,2640.64
3,20151226,1,1,0,0,8,10,1900.512
3,20151227,4,0,0,0,89,24,19560.808
3,20151228,5,0,1,2,127,114,30759.997000000014
3,20151229,0,1,1,0,124,125,30725.77
3,20151230,1,0,0,0,118,119,28776.21
3,20151231,11,1,1,1,36,48,9038.635
3,20160103,0,0,0,0,125,125,29916.939
3,20160104,0,0,0,1,129,126,31347.56
3,20160105,1,0,0,0,161,159,39225.609
3,20160106,0,1,0,0,138,139,33728.809
3,20160107,0,0,0,0,142,121,36048.219
3,20160108,8,0,3,2,189,167,45837.084
3,20160109,4,0,0,0,140,142,33880.546
3,20160110,1,0,0,0,38,38,9297.33
3,20160111,1,0,0,0,190,188,46731.999
3,20160112,1,0,1,1,215,197,50865.657
3,20160113,1,0,0,0,230,227,56000.62
3,20160114,0,0,0,0,136,134,32180.49
3,20160115,3,0,1,0,27,30,4949.802
3,20160116,4,0,2,0,24,29,5326.513000000001
3,20160117,1,0,0,1,42,43,9871.773
3,20160119,1,2,0,1,6,10,1963.946
3,20160120,1,0,0,0,1,2,230.428
3,20160124,2,1,0,1,1,4,683.178
3,20160128,4,2,1,1,1,8,880.934
3,20160129,1,0,0,0,2,3,466.642
3,20160131,11,2,1,1,9,20,2601.668
3,20160201,1,0,1,0,10,9,2371.377
3,20160204,1,0,0,0,4,5,940.934
3,20160205,3,0,0,0,7,10,1685.861
3,20160207,2,0,0,0,2,4,526.874
3,20160208,0,0,0,0,1,1,275.0
3,20160209,3,0,1,0,2,5,658.909
3,20160212,2,0,0,0,3,5,735.91
3,20160222,6,3,2,3,1,14,1631.746
3,20160223,0,0,0,0,36,36,9166.249
3,20160224,1,0,0,0,113,114,27153.65
3,20160225,0,0,0,0,141,141,34174.439
3,20160226,0,0,0,0,7,7,1659.83
3,20160227,2,1,1,1,3,7,1214.683
3,20160229,0,0,0,0,109,109,26397.07
3,20160301,0,0,0,0,131,131,31433.16
3,20160302,0,0,0,0,122,121,30113.138
3,20160303,0,1,0,1,135,136,33968.646
3,20160304,2,2,0,1,116,118,28206.843
3,20160305,13,2,4,8,158,176,39201.765
3,20160306,10,1,2,0,161,171,39986.069
3,20160307,0,0,0,1,123,124,29860.95
3,20160308,0,0,0,0,133,133,32836.64
3,20160309,1,0,0,1,131,132,32207.09
3,20160310,0,0,0,0,129,129,31389.91
3,20160311,0,0,0,0,112,112,27141.33
3,20160313,0,0,0,0,10,10,2423.357
3,20160315,1,1,1,0,117,120,29044.83
3,20160316,1,0,0,0,146,146,34625.144
3,20160317,0,0,0,0,136,136,33034.16
3,20160318,0,0,0,0,124,124,30262.369
3,20160319,1,0,0,0,130,128,31789.609
3,20160320,2,3,0,1,146,152,34349.79
3,20160321,4,0,0,0,195,195,46568.853
3,20160322,1,0,0,0,132,130,32265.04
3,20160323,0,2,0,0,84,86,20973.27
3,20160324,0,0,0,0,135,133,32613.218
3,20160325,2,0,0,0,3,5,909.739
3,20160328,1,1,2,0,81,85,19951.133
3,20160329,0,0,0,0,126,113,32181.75
3,20160330,0,0,0,0,120,100,30378.86
3,20160331,8,2,1,0,3,12,1146.172
3,20160401,0,0,0,0,1,1,189.359
3,20160403,1,1,0,0,50,48,12265.43
3,20160404,1,1,1,0,53,54,12659.31
3,20160405,1,0,0,0,123,124,31038.31
3,20160406,0,0,0,0,179,166,40290.419
3,20160407,3,1,1,0,126,130,32482.322
3,20160408,0,0,0,0,132,132,30030.08
3,20160409,4,2,1,0,133,140,30529.02
3,20160410,0,2,1,0,154,148,34907.322
3,20160411,18,3,2,1,152,168,35457.185
3,20160412,3,1,0,1,173,166,39458.748
3,20160413,1,0,0,0,51,52,12535.59
3,20160414,6,0,2,1,146,132,36762.456
3,20160415,0,1,2,1,175,170,40448.26
3,20160416,1,0,0,1,11,13,2728.516
3,20160417,1,3,2,0,43,47,11024.55
3,20160418,1,1,0,0,5,6,1509.523
3,20160419,64,10,9,3,29,92,10372.128
3,20160420,0,0,0,2,11,13,3100.423
3,20160421,4,2,3,1,35,35,8882.541
3,20160422,4,0,1,1,21,24,5578.9519999999975
3,20160423,0,0,0,1,62,63,14283.13
3,20160425,0,0,0,0,3,3,684.0
3,20160426,4,0,1,1,18,18,4206.88
3,20160427,0,0,0,0,20,20,4422.0
3,20160428,3,1,1,1,9,15,2676.228
3,20160429,0,0,0,0,115,100,29153.284
3,20160430,2,0,0,0,30,30,7277.87
3,20160501,0,0,0,0,104,100,26501.851
3,20160502,0,0,0,0,132,103,33470.333
3,20160503,3,1,1,0,131,110,33156.227
3,20160504,4,1,2,0,156,112,39304.063
3,20160505,3,2,0,1,141,146,32481.609
3,20160506,2,0,0,0,12,10,2750.425
3,20160509,1,0,0,0,111,100,28220.321
3,20160510,0,0,0,0,120,100,30519.224
3,20160511,0,0,0,0,123,100,31023.219
3,20160512,3,0,0,0,113,95,28725.583
3,20160514,0,0,0,0,118,100,30083.448
3,20160515,0,0,0,0,137,100,34721.985
3,20160516,1,0,0,0,38,39,8849.74
3,20160517,0,0,0,1,136,103,34554.448
3,20160518,0,0,2,0,130,100,33445.511
3,20160519,0,0,0,0,142,100,35979.755
3,20160520,0,0,0,0,6,6,1616.91
3,20160521,0,0,0,0,9,9,2373.0
3,20160522,0,0,1,0,105,102,26759.303
3,20160523,0,0,0,0,128,100,32482.114
3,20160524,0,0,0,0,114,100,28925.731
3,20160525,0,0,0,0,122,100,30888.994
3,20160526,0,1,0,0,119,100,30264.465
3,20160527,0,0,0,0,24,24,6064.154
3,20160529,0,0,0,0,122,100,30888.443
3,20160530,0,0,0,0,104,101,26617.69100000001
3,20160531,0,0,0,0,142,110,35520.992999999995
3,20160601,6,13,1,1,132,128,35136.03
3,20160602,1,0,0,0,129,101,32700.758
3,20160603,0,1,1,0,118,119,28686.21
3,20160604,5,0,2,2,158,123,40610.02
3,20160605,1,0,0,0,123,102,31423.681
3,20160606,1,0,0,0,118,102,30157.329
3,20160607,0,0,0,0,104,100,26638.694
3,20160608,0,0,0,0,19,19,4890.67
3,20160611,0,2,0,0,0,2,209.266
3,20160612,0,0,0,1,112,113,27735.361
3,20160613,0,0,0,1,129,129,30980.77
3,20160614,0,0,1,0,124,121,31629.7
3,20160615,2,1,0,1,125,127,30869.574
3,20160616,0,0,0,1,112,113,27677.398
3,20160617,0,0,0,0,93,93,23881.548
3,20160618,10,0,1,0,131,109,33881.014
3,20160619,5,0,2,0,132,114,34069.25
3,20160620,2,0,1,0,153,155,37849.766
3,20160621,0,0,0,0,105,100,26919.877
3,20160622,1,0,0,0,96,96,24675.731
3,20160623,1,0,0,0,112,102,28931.994
3,20160624,3,2,0,0,5,8,1504.7479999999994
3,20160628,0,0,0,2,9,10,2856.349
3,20160629,4,0,0,0,5,8,1202.887
3,20160630,24,0,0,1,8,30,2331.724
3,20160702,10,1,1,0,12,19,3493.8790000000013
3,20160705,5,1,0,0,6,10,1668.311
3,20160706,0,0,0,0,3,3,838.0
3,20160723,10,0,3,3,23,37,6497.593000000003
3,20160724,2,0,2,0,42,45,11139.558
3,20160726,1,0,0,0,0,1,4.532
3,20160729,1,1,1,0,19,21,5107.563
3,20160731,7,0,0,1,4,8,1327.108
3,20160802,1,0,0,0,95,96,24439.874
3,20160803,0,0,0,0,3,3,833.331
3,20160805,4,0,1,1,8,14,2592.839
3,20160807,0,0,1,0,70,70,18442.445
3,20160811,5,1,0,3,2,9,1331.609
3,20160813,0,1,0,0,0,1,124.111
3,20160814,7,0,1,0,10,15,2812.642000000001
3,20160815,2,0,0,1,11,14,2771.6490000000013
3,20160816,0,0,0,0,7,7,1899.0
3,20160817,1,1,2,2,9,15,2616.212
3,20160819,7,2,0,2,15,26,4674.714
3,20160820,12,3,2,4,14,33,4984.104
3,20160822,11,4,0,1,3,18,1047.223
3,20160823,3,2,0,1,11,17,1995.835
3,20160824,4,1,2,0,7,13,2232.911
3,20160825,1,0,2,0,7,10,2184.869
3,20160826,0,0,1,0,0,1,147.239
3,20160827,5,0,0,0,1,5,294.125
3,20160828,0,0,1,1,7,9,2474.55
3,20160830,3,2,2,1,7,13,2380.743
3,20160831,0,0,0,0,10,10,2719.309
3,20160902,0,0,0,0,13,13,3399.0
3,20160904,0,0,0,0,11,11,2797.386
3,20160911,0,1,1,0,115,101,30419.579
3,20160912,0,0,0,0,129,100,33814.949
3,20160913,0,0,3,1,54,57,13846.677
3,20160914,0,0,0,0,30,30,6966.199000000001
3,20160920,2,2,1,1,37,43,9109.618
3,20160921,0,0,0,0,114,20,28752.393
3,20160922,0,1,0,0,2,3,655.836
3,20160923,2,0,1,2,16,15,4729.252
3,20160924,6,0,1,2,34,40,9340.726
3,20160925,0,0,0,0,28,28,7291.434
3,20160926,1,0,1,1,7,10,2262.814
3,20160928,1,0,0,0,67,68,18028.253
3,20160929,1,2,0,0,82,83,21856.89
3,20161002,2,0,0,0,3,5,851.0219999999997
3,20161005,0,0,0,0,88,88,23219.529
3,20161006,0,0,0,0,135,105,35455.562000000005
3,20161007,0,0,0,0,7,7,1928.87
3,20161008,3,0,4,0,94,77,24800.61
3,20161009,3,2,2,1,73,74,19202.161
3,20161010,1,0,0,0,9,10,2268.507
3,20161011,3,0,1,2,117,119,29021.327
3,20161012,0,0,0,1,31,32,7627.39
3,20161013,2,1,0,1,118,117,28971.372000000014
3,20161014,0,0,1,0,115,115,28470.292
3,20161015,0,2,0,3,210,208,52600.10400000001
3,20161016,0,0,0,1,150,137,38912.059
3,20161017,1,0,0,0,156,141,39990.767
3,20161018,0,0,0,0,125,123,32063.348
3,20161019,0,0,0,0,125,117,32391.67
3,20161020,0,0,0,0,121,112,31270.97
3,20161021,1,0,0,0,126,114,32519.76
3,20161022,0,0,0,1,49,46,12834.899
3,20161023,0,0,0,0,109,106,28031.02
3,20161024,1,0,1,0,123,113,32095.55
3,20161025,0,0,0,0,124,112,31856.289
3,20161026,0,0,0,0,120,108,30995.409
3,20161027,0,1,0,1,119,108,31096.57
3,20161028,0,0,0,0,13,13,3535.77
3,20161030,1,0,0,0,105,104,27105.998
3,20161031,0,0,0,1,142,122,36885.339
3,20161101,0,0,0,0,109,101,28759.93
3,20161102,0,0,1,0,105,99,27858.83
3,20161103,1,0,0,0,127,100,33248.49
3,20161104,0,0,0,0,17,17,4604.85
3,20161105,0,0,1,0,9,10,2748.418
3,20161107,0,0,0,0,119,100,31261.157000000014
3,20161108,0,0,1,0,147,104,38810.61
3,20161109,0,0,0,0,130,100,33768.889
3,20161110,0,0,0,0,150,147,36289.859
3,20161111,1,0,0,0,38,39,8793.739
3,20161113,0,0,0,0,113,113,28318.719
3,20161114,1,0,0,1,129,77,31055.11
3,20161115,0,0,0,1,153,153,36980.97
3,20161116,0,1,0,0,133,134,32544.41
3,20161117,0,0,0,0,124,99,32027.99
3,20161118,1,0,1,0,165,117,36540.57
3,20161120,2,0,0,0,115,104,25339.838
3,20161121,0,0,0,0,125,118,31929.8
3,20161122,0,0,0,0,153,148,35714.269
3,20161123,0,0,0,0,149,143,35646.56
3,20161124,0,1,0,0,131,125,30867.969
3,20161125,1,0,0,0,59,58,13892.65
3,20161127,0,0,1,0,88,86,20988.27
3,20161128,0,1,0,0,157,158,37985.32
3,20161129,0,0,2,1,160,161,39192.033
3,20161130,1,0,0,0,129,125,29930.644
3,20161205,0,1,0,0,197,196,46922.93
3,20161206,0,0,0,0,152,152,37021.28
3,20161207,9,1,2,0,152,161,37657.825
3,20161208,0,0,0,0,167,166,40642.059
3,20161209,0,0,0,1,156,157,37503.849
3,20161210,0,0,1,0,155,156,37663.373
3,20161211,0,0,0,0,179,178,42104.75900000001
3,20161212,0,0,0,0,146,146,36081.139
3,20161213,1,1,1,1,147,149,35770.22
3,20161214,0,0,0,0,156,152,37260.739
3,20161215,4,0,1,1,167,166,39866.539
3,20161216,0,0,0,0,20,20,5336.548000000002
3,20161217,2,0,0,0,19,20,4336.639
3,20161218,0,0,1,0,112,113,27268.089
3,20161219,2,0,0,1,196,195,47470.18700000001
3,20161220,0,0,0,0,123,123,31530.87
3,20161221,0,0,0,0,140,138,34692.94
3,20161222,0,0,0,1,112,113,27152.189
3,20161223,2,2,1,0,155,158,36337.21
3,20161224,2,0,1,0,25,28,5773.013000000001
3,20161225,0,0,0,0,125,125,29907.168
3,20161226,1,0,0,0,142,140,34851.82
3,20161227,0,0,0,0,142,138,34282.619
3,20161228,0,0,1,0,130,129,31645.196
3,20161229,0,0,0,1,143,143,34626.819
3,20161230,0,0,0,0,17,17,4410.76
3,20170102,0,0,0,0,105,105,25834.52
3,20170103,1,0,0,0,22,23,5155.39
3,20170104,1,0,0,0,135,136,32829.637
3,20170105,2,0,0,0,125,127,29841.327
3,20170108,0,0,0,0,113,113,27030.67
3,20170109,1,0,0,0,57,58,13809.319
3,20170110,0,0,1,0,106,107,25687.561
3,20170111,2,1,0,1,160,161,37784.546
3,20170112,4,0,3,1,150,124,38999.38200000001
3,20170113,8,0,0,1,43,29,9734.968
3,20170114,8,1,1,0,3,12,1019.488
3,20170115,22,0,2,1,10,28,3136.902
3,20170116,18,0,1,3,6,27,2366.306
3,20170117,1,0,0,0,2,3,368.944
3,20170120,4,0,1,0,13,14,3286.933
3,20170121,1,0,0,0,5,6,1202.142
3,20170122,5,1,1,0,11,16,3232.448
3,20170123,1,0,1,0,3,5,900.345
3,20170124,5,3,0,1,34,33,8958.471
3,20170125,4,2,3,1,8,16,2871.717
3,20170126,1,0,0,0,3,4,794.659
3,20170127,0,1,0,0,4,5,975.976
3,20170131,0,0,0,0,1,1,185.0
3,20170204,4,0,0,2,9,14,2729.147
3,20170206,1,0,0,1,65,63,15076.455
3,20170207,2,1,0,0,9,11,2080.353
3,20170208,1,1,0,0,7,9,1875.275
3,20170209,1,0,0,2,8,11,2353.279
3,20170210,0,0,0,0,5,5,1059.0
3,20170215,2,2,0,1,15,18,3778.508
3,20170218,1,1,0,0,6,8,1363.8370000000002
3,20170219,1,0,1,0,134,105,33473.815
3,20170220,0,0,1,1,149,100,37817.147
3,20170221,1,1,1,2,163,100,41391.566
3,20170222,1,0,0,2,152,140,36601.484
3,20170223,0,0,1,2,121,114,30504.379
3,20170224,1,0,0,0,27,28,5855.835
3,20170225,0,0,0,0,5,5,1374.0
3,20170226,3,0,0,0,1,3,257.067
3,20170227,0,0,0,0,12,12,2788.0
4,20151230,3,3,2,1,14,22,3661.527
5,20160427,0,0,0,0,11,1,3041.28
5,20160428,0,0,0,0,11,1,3041.28
5,20160429,0,0,0,0,8,1,2211.84
5,20160504,0,0,0,0,12,1,3317.76
5,20160505,0,0,0,0,5,2,1258.264
5,20160510,0,0,0,0,16,2,4085.122
5,20160515,0,0,0,0,13,1,3419.0
5,20160516,0,0,0,0,14,2,3188.836
5,20160517,0,0,0,0,10,6,2220.904
6,20160228,1,1,0,0,40,19,9963.211
6,20160229,1,0,1,0,38,34,9423.595
6,20160301,3,0,0,1,65,54,17132.904
6,20160302,0,0,0,0,40,40,10211.764
7,20161116,6,2,3,0,18,17,4949.4
7,20161117,3,2,0,3,28,20,7881.107
7,20161118,6,3,2,4,25,29,7270.868
7,20161119,19,5,5,10,32,48,10716.945
7,20161120,8,8,9,7,62,47,18206.466
7,20161121,7,3,2,9,23,29,7988.061
7,20161122,1,2,2,2,15,16,4420.365
7,20161123,11,1,2,6,50,33,13738.182
7,20161124,4,5,1,4,25,30,7397.869000000002
7,20161125,7,0,2,6,34,30,9664.212
7,20161126,21,9,6,7,47,46,14606.551
7,20161127,7,3,4,4,21,22,6921.246
7,20161128,11,11,9,21,32,46,14683.393999999998
7,20161129,11,14,3,8,24,40,9458.743
7,20161130,6,3,0,10,34,35,10764.664
7,20161201,9,5,1,7,34,21,10536.417
7,20161202,5,3,2,10,32,30,10107.635
7,20161203,1,1,3,5,36,18,9931.004
7,20161204,3,3,1,3,20,18,5980.25
7,20161205,9,6,4,17,14,32,8277.864
7,20161206,5,2,3,4,27,18,7763.315
7,20161207,9,3,5,6,35,30,10683.245
7,20161208,3,1,2,3,31,27,8581.216
7,20161209,14,1,2,8,47,40,12899.132
7,20161210,8,2,4,6,37,42,10963.538
7,20161211,10,8,5,1,25,35,7773.39
7,20161212,13,5,4,6,30,38,9263.96
7,20161213,8,3,11,1,36,52,10817.723999999998
7,20161214,9,2,5,3,30,37,8848.765
7,20161215,8,4,3,3,10,23,3766.858
7,20161216,4,1,4,2,18,25,5462.571
7,20161217,1,1,3,1,5,11,1981.099
7,20161218,4,5,2,1,32,38,8148.9919999999975
7,20161219,1,0,0,1,2,4,728.737
7,20161220,6,4,1,9,35,44,10764.038
7,20161221,13,2,8,6,28,46,9278.058
7,20161222,2,0,2,4,13,18,4296.646
7,20161223,2,1,1,3,34,37,9184.273
7,20161224,4,3,3,4,55,53,14491.745
7,20161225,5,4,3,5,36,47,10323.439
7,20161226,12,6,8,10,23,48,9304.151
7,20161227,11,3,1,4,66,62,17303.555
7,20161228,3,0,3,1,17,19,4685.393
7,20161229,2,6,1,5,11,21,4511.854
7,20161230,5,2,1,1,15,24,4147.417
7,20161231,4,1,2,2,21,21,6005.723000000001
7,20170101,8,4,2,4,17,26,5703.536
7,20170102,2,2,2,8,10,21,4296.391
7,20170103,4,3,6,6,14,24,5638.774
7,20170104,10,1,4,2,28,39,7987.971
7,20170105,4,2,3,5,6,17,3002.676
7,20170106,0,1,1,3,33,37,8828.715
7,20170107,5,2,1,2,16,22,4685.41
7,20170108,2,1,5,4,19,26,6185.4919999999975
7,20170109,7,2,3,3,22,24,6760.773
7,20170110,1,1,0,0,3,4,907.388
7,20170111,1,1,0,0,8,8,2130.371
7,20170112,9,5,3,11,11,34,6082.543000000002
7,20170113,3,2,0,3,12,16,3854.355
7,20170115,1,0,2,2,9,14,2811.451
7,20170116,7,4,4,4,50,52,13706.184
7,20170117,9,6,2,13,12,32,6472.45
7,20170118,6,6,6,11,10,32,6491.352
7,20170119,5,3,4,11,2,19,4075.72
7,20170120,5,1,1,4,7,14,3301.341
7,20170121,4,4,2,2,9,17,3406.555
7,20170122,8,2,4,7,24,32,8087.304
7,20170123,4,4,4,5,11,23,4797.537
7,20170124,6,5,1,5,21,32,7055.195
7,20170125,2,3,7,5,22,35,7746.6640000000025
7,20170126,4,0,2,7,19,24,7011.99
7,20170127,11,2,6,11,20,35,8414.448
7,20170128,1,2,1,3,12,13,3938.984
7,20170129,3,0,0,3,7,13,2263.129
7,20170130,2,0,2,0,1,5,643.805
7,20170131,1,0,0,3,3,6,1580.1729999999998
7,20170201,8,3,3,5,14,24,5297.816
7,20170202,1,0,1,0,4,6,1183.865
7,20170204,5,1,1,5,11,22,4044.249
7,20170205,1,3,3,1,4,11,2029.359
7,20170206,3,3,2,1,27,23,7781.711999999998
7,20170207,6,3,4,7,24,27,8428.675
7,20170208,10,4,1,7,18,32,6677.206
7,20170209,6,5,5,8,37,36,12030.961
7,20170210,6,2,4,8,18,28,7254.852
7,20170211,6,2,2,4,10,11,3999.723
7,20170212,6,5,2,16,23,41,9755.704
7,20170213,4,4,3,5,16,18,5836.403
7,20170214,2,0,1,2,11,11,3252.853
7,20170215,5,1,0,1,9,16,2460.9120000000007
7,20170216,0,1,2,3,18,19,5777.735
7,20170217,1,2,0,0,11,14,2883.947
7,20170218,2,1,3,2,23,28,6852.602
7,20170219,3,0,1,0,17,20,4788.622
7,20170220,5,4,5,6,21,35,7344.375
7,20170221,4,2,4,3,5,18,2634.317
7,20170222,4,3,4,8,28,41,9460.65
7,20170223,3,1,2,10,19,31,7201.288000000001
7,20170224,1,2,0,2,3,7,1358.76
7,20170225,6,2,1,2,17,25,5207.749
7,20170226,1,0,0,1,4,6,1369.8770000000004
7,20170227,4,4,3,5,34,43,10490.562
7,20170228,13,3,1,2,42,49,11129.183
8,20150102,0,0,0,0,3,3,619.695
8,20150103,0,0,0,0,4,4,1264.9
8,20150104,1,0,0,0,7,8,1874.819
8,20150107,0,0,0,0,6,6,1466.828
8,20150111,0,0,0,1,18,17,4357.17
8,20150112,0,0,0,0,3,3,767.373
8,20150115,35,7,3,1,18,59,5747.814
8,20150119,0,0,0,0,6,6,1481.9679999999994
8,20150121,4,0,0,0,2,4,677.077
8,20150122,17,1,1,0,9,20,2567.656
8,20150123,0,0,0,0,3,3,851.127
8,20150125,1,0,0,0,3,4,802.01
8,20150206,13,0,2,0,4,10,1373.914
8,20150209,0,0,0,0,7,7,1696.7979999999998
8,20150212,1,0,0,0,6,7,1515.5870000000002
8,20150215,1,0,0,0,4,5,1122.485
8,20150218,0,0,0,0,16,16,3650.899
8,20150219,2,0,0,0,7,9,1044.37
8,20150221,7,3,2,2,148,67,34446.326
8,20150223,3,2,0,1,11,15,3379.972
8,20150301,0,2,0,0,0,2,221.661
8,20150302,0,0,1,0,16,17,3885.22
8,20150307,21,3,4,3,38,28,10320.898
8,20150308,1,0,0,0,3,4,679.138
8,20150322,1,3,0,1,1,6,785.097
8,20150329,0,0,0,0,6,6,1392.989
8,20150331,14,7,1,4,9,31,4109.041
8,20150402,1,1,1,0,15,4,4355.56
8,20150406,0,1,0,5,31,31,9126.159
8,20150408,2,0,1,0,1,3,414.021
8,20150411,4,2,0,0,0,6,296.849
8,20150414,3,5,13,2,12,24,5986.83
8,20150415,1,0,0,0,7,7,1916.634
8,20150416,0,0,0,0,5,5,1316.805
8,20150417,0,0,0,0,3,3,745.686
8,20150418,3,0,2,0,7,5,2166.819
8,20150419,0,0,1,1,24,2,5823.93
8,20150423,1,0,1,0,2,1,161.889
8,20150424,9,10,1,2,5,22,3037.18
8,20150426,1,0,1,0,9,9,2176.183
8,20150427,4,0,0,0,22,20,5524.43
8,20150428,1,0,0,1,10,11,2285.361
8,20150430,0,0,0,0,4,4,988.428
8,20150501,0,0,0,0,4,4,1039.093
8,20150503,0,0,0,0,1,1,174.08
8,20150505,2,2,0,0,0,4,201.145
8,20150508,1,0,0,0,3,4,726.482
8,20150512,0,1,1,0,22,20,5873.589
8,20150517,6,0,1,1,17,22,4908.35
8,20150519,1,0,0,0,8,8,1703.237
8,20150520,2,1,0,0,15,14,3927.619
8,20150521,0,0,1,0,25,24,6657.92
8,20150524,6,1,3,0,13,19,3993.829
8,20150528,0,0,0,0,5,5,1379.08
8,20150601,0,0,0,0,3,3,792.2180000000003
8,20150606,1,1,1,0,2,5,519.5840000000002
8,20150607,2,0,0,1,7,10,2127.21
8,20150614,0,0,0,0,1,1,240.63
8,20150615,0,0,0,1,0,1,178.86
8,20150618,7,1,0,0,14,22,3702.604
8,20150619,0,0,1,1,2,4,1054.08
8,20150622,1,0,0,0,6,7,1515.02
8,20150623,0,1,1,0,1,3,496.61
8,20150624,0,1,0,0,1,2,292.94
8,20150630,2,0,0,0,0,2,87.45200000000001
8,20150702,1,0,0,2,8,11,2227.44
8,20150703,0,0,0,0,2,2,513.019
8,20150705,2,1,0,0,10,13,2328.55
8,20150706,0,1,1,0,1,3,476.88
8,20150710,2,0,0,1,0,3,247.45
8,20150711,0,0,0,1,4,5,1113.9
8,20150712,2,0,0,0,0,2,33.749
8,20150717,0,0,0,2,3,5,1242.47
8,20150718,0,0,1,0,0,1,171.15
8,20150719,18,0,1,1,12,29,4000.339
8,20150724,0,0,0,1,1,2,476.39
8,20150725,1,0,1,0,4,6,1245.649
8,20150726,0,0,0,1,8,8,1996.71
8,20150803,3,0,2,1,10,15,2987.47
8,20150806,1,1,2,0,3,5,1190.76
8,20150807,1,2,0,0,8,11,1329.19
8,20150808,0,0,0,2,8,10,1873.4
8,20150809,1,0,0,0,1,2,234.63
8,20150815,1,0,1,0,2,4,671.14
8,20150822,0,0,0,0,3,3,952.42
8,20150825,0,1,0,0,5,6,1287.75
8,20150826,1,0,0,1,13,15,3024.38
8,20150902,1,1,0,0,3,2,913.561
8,20150904,1,3,1,0,3,5,975.45
8,20150907,1,3,1,2,58,53,17736.32
8,20150908,4,1,0,1,112,84,29629.006
8,20150909,2,1,2,0,86,70,22241.038
8,20150910,1,0,0,1,14,16,3884.56
8,20150911,6,0,0,2,104,50,26732.67
8,20150914,3,0,1,0,28,27,7693.179
8,20150915,2,3,2,0,145,63,36045.017
8,20150916,0,0,0,1,16,17,4253.769
8,20150917,0,0,0,0,40,40,9421.959
8,20150918,4,2,1,3,61,58,16595.148
8,20150919,4,0,1,1,29,32,7268.07
8,20150920,3,0,5,2,89,49,22355.04
8,20150921,2,2,0,1,95,35,22386.539
8,20150922,2,1,0,0,53,23,12126.62
8,20150923,0,3,2,0,130,64,30388.929
8,20150924,0,0,0,1,1,2,484.12
8,20150925,0,2,3,0,83,82,20028.4
8,20150926,0,1,0,0,114,100,26974.627
8,20150927,2,0,1,1,49,34,12509.718
8,20150928,0,0,1,1,43,24,10159.009
8,20150929,1,0,1,1,44,40,10903.87
8,20150930,2,1,2,0,9,14,2652.2
8,20151001,1,0,1,2,13,14,3981.569
8,20151002,1,1,2,0,3,7,1186.65
8,20151003,2,0,1,0,21,20,6189.79
8,20151004,6,1,1,2,78,70,19604.236
8,20151005,0,2,0,0,32,33,8330.61
8,20151006,4,0,0,2,12,15,3601.689000000001
8,20151007,1,1,1,0,37,39,9764.289
8,20151008,3,2,0,1,19,24,5307.8
8,20151009,8,1,0,0,90,93,22234.545
8,20151010,4,2,1,2,88,67,22414.349
8,20151011,10,6,2,5,54,71,15592.26
8,20151012,2,0,0,2,89,85,23042.251
8,20151013,1,1,1,2,69,64,18367.43
8,20151014,6,1,1,1,49,38,13389.603
8,20151015,2,3,0,0,106,87,26672.804
8,20151016,1,1,1,1,79,41,20672.904
8,20151017,0,0,0,0,11,11,3280.73
8,20151018,8,2,2,2,103,85,27761.621
8,20151019,1,2,1,0,70,72,18284.819
8,20151020,0,0,0,0,50,47,12234.09
8,20151021,2,0,0,0,30,30,7371.52
8,20151022,4,0,0,0,47,46,12151.749
8,20151023,1,0,0,0,32,29,8174.34
8,20151024,0,0,0,2,13,15,3535.751
8,20151025,3,1,0,1,23,20,6557.016
8,20151026,8,1,2,2,67,65,17375.518
8,20151027,1,0,0,0,9,10,2419.895
8,20151028,1,0,1,1,35,37,8976.21
8,20151029,0,1,0,0,14,13,3331.63
8,20151030,1,0,0,0,9,10,2448.37
8,20151031,1,4,1,1,17,19,4711.34
8,20151101,1,0,0,0,38,39,9885.808
8,20151102,1,0,0,0,60,50,15512.102
8,20151103,1,1,0,1,63,48,16722.773
8,20151104,7,0,2,0,72,51,17942.787
8,20151105,7,3,1,2,83,74,21425.49
8,20151106,0,0,0,1,15,14,4090.73
8,20151107,1,2,1,1,107,51,28407.908
8,20151108,2,0,0,0,20,20,5375.78
8,20151109,1,0,0,0,45,43,11658.04
8,20151110,3,2,2,0,19,24,5296.77
8,20151111,2,0,1,1,25,29,6809.0480000000025
8,20151112,0,0,0,0,10,10,2418.164
8,20151113,0,0,0,0,39,28,10831.01
8,20151114,3,2,1,2,83,70,22893.517000000003
8,20151115,20,0,2,0,49,41,13243.116000000002
8,20151116,0,1,0,0,69,69,17498.85
8,20151117,1,0,0,1,16,18,4216.09
8,20151118,0,0,0,0,4,4,1123.91
8,20151119,0,1,0,0,12,13,3177.71
8,20151120,3,3,2,4,36,47,10975.062
8,20151121,0,0,0,0,81,38,20707.42
8,20151122,1,0,0,0,17,13,4646.769
8,20151123,1,0,0,0,19,17,4550.18
8,20151124,0,0,0,0,17,17,4437.86
8,20151125,0,0,0,1,22,21,5946.93
8,20151126,0,0,1,1,43,43,11530.81
8,20151127,1,0,0,1,8,10,2328.32
8,20151128,2,1,0,0,17,20,4398.19
8,20151129,7,3,2,3,64,52,17890.308999999994
8,20151130,0,0,0,0,23,18,5891.549
8,20151201,0,0,1,2,23,24,6344.576
8,20151202,0,0,0,0,25,24,6415.114000000001
8,20151203,2,2,1,0,42,35,11024.758
8,20151204,1,0,1,0,23,16,5973.469
8,20151205,0,0,0,1,59,34,15145.869
8,20151206,0,0,2,0,33,33,8422.909
8,20151207,0,1,0,0,18,18,4923.47
8,20151208,1,1,0,1,51,47,13908.52
8,20151209,1,0,1,0,18,17,5029.68
8,20151210,0,0,0,0,2,2,570.9590000000002
8,20151211,0,0,0,0,9,6,2200.889
8,20151212,0,0,0,1,20,19,5627.25
8,20151213,0,0,0,0,19,19,4935.144
8,20151214,2,0,1,0,10,11,3257.29
8,20151215,0,0,0,0,12,12,3102.25
8,20151216,1,1,0,0,24,24,6275.337
8,20151217,0,0,0,0,23,12,5875.59
8,20151218,3,1,1,0,20,22,5384.22
8,20151219,0,0,0,0,8,8,2083.89
8,20151220,1,0,0,1,15,17,3825.53
8,20151221,2,2,0,1,9,14,2754.39
8,20151222,0,0,0,0,4,4,965.98
8,20151223,2,0,1,1,40,36,10533.48
8,20151224,0,0,0,1,10,11,2899.04
8,20151225,29,11,6,7,32,73,12380.219
8,20151226,2,3,2,3,63,60,16097.2
8,20151227,2,3,1,1,48,46,12473.149
8,20151228,0,0,0,2,73,44,18210.397
8,20151229,1,0,0,0,48,35,11717.066
8,20151230,3,0,1,1,47,36,11562.0
8,20151231,2,0,1,0,37,39,9456.414
8,20160101,2,1,2,0,83,76,20679.81
8,20160102,2,0,0,2,83,43,22669.15
8,20160103,3,0,1,0,79,60,20856.05
8,20160104,0,1,0,1,32,33,8086.260999999998
8,20160105,1,0,1,0,11,13,3118.63
8,20160106,1,1,1,0,37,39,10126.21
8,20160107,2,0,0,0,1,3,293.09
8,20160108,0,0,0,0,4,4,1031.91
8,20160109,0,0,0,0,29,29,7519.57
8,20160110,1,0,0,0,6,7,1566.15
8,20160111,0,1,0,0,0,1,115.34
8,20160112,1,0,0,0,62,23,16710.4
8,20160113,8,0,1,2,17,21,5272.75
8,20160114,11,2,1,1,11,22,3476.132
8,20160115,6,1,0,0,12,18,3324.49
8,20160116,0,0,1,0,18,18,4439.199000000001
8,20160117,5,1,2,2,13,20,4257.35
8,20160118,0,1,0,0,23,24,5861.439
8,20160119,0,0,0,1,7,8,2031.58
8,20160120,2,1,0,0,33,34,8546.299
8,20160121,3,3,2,0,53,57,13959.901000000002
8,20160122,0,0,1,0,39,36,9827.799
8,20160123,0,3,0,0,43,46,10750.7
8,20160124,0,1,0,0,0,1,84.72
8,20160125,0,0,0,1,5,6,1549.64
8,20160126,0,1,2,0,14,16,2481.479
8,20160127,4,0,1,1,89,95,22161.552000000003
8,20160128,2,1,1,2,28,14,7078.68
8,20160129,2,1,1,1,50,54,11837.609
8,20160130,4,1,1,1,114,111,28275.024
8,20160131,3,0,1,1,54,57,13739.992
8,20160201,11,1,2,0,83,88,20357.752
8,20160202,0,1,1,0,17,19,3889.89
8,20160203,5,1,1,1,50,53,12914.842
8,20160204,0,0,0,0,5,5,1385.91
8,20160205,4,0,0,0,27,31,6380.646
8,20160206,9,2,3,1,58,68,15187.615
8,20160207,6,1,1,0,14,14,3229.62
8,20160208,1,0,1,0,3,5,902.59
8,20160209,20,3,2,2,53,66,14847.719
8,20160210,0,2,0,0,35,36,9031.855
8,20160211,37,10,3,2,60,88,18044.057
8,20160212,21,10,4,2,42,57,13347.617
8,20160213,5,1,2,0,34,41,9245.43
8,20160214,6,2,0,3,44,51,12143.139
8,20160215,1,0,0,1,12,14,3413.492
8,20160216,12,1,3,1,20,35,5987.818
8,20160217,4,1,0,1,21,22,5897.64
8,20160218,5,6,4,1,36,42,11272.87
8,20160219,2,1,1,0,27,30,7691.17
8,20160220,1,0,3,0,25,29,6078.59
8,20160221,15,3,3,3,53,75,15594.899
8,20160222,14,2,2,1,16,22,5160.8
8,20160223,8,3,1,1,16,17,5404.18
8,20160224,1,0,0,0,18,19,4569.35
8,20160225,8,0,2,0,8,18,2887.42
8,20160226,2,2,0,1,12,17,3543.23
8,20160227,13,3,0,2,73,90,18537.317
8,20160228,0,0,0,2,39,37,9655.12
8,20160229,3,2,1,1,36,38,10345.72
8,20160301,14,3,1,3,22,40,6286.4569999999985
8,20160302,1,0,0,0,31,30,7300.718000000003
8,20160304,0,0,1,0,9,10,2221.6
8,20160305,1,1,2,0,28,17,7042.37
8,20160306,8,2,1,0,27,29,7255.683000000001
8,20160307,1,1,1,0,12,15,2818.614
8,20160308,2,0,1,0,13,15,2772.557
8,20160309,0,0,0,0,9,9,1566.583
8,20160310,0,0,0,0,5,5,1068.0
8,20160311,1,0,0,0,14,13,2859.989
8,20160313,1,1,1,1,30,34,7880.83
8,20160314,0,0,0,0,7,7,1345.1229999999996
8,20160315,5,2,1,0,7,12,2212.187
8,20160316,0,0,1,0,16,17,3995.747
8,20160317,1,0,1,0,44,31,10488.42
8,20160319,0,1,0,0,15,16,3315.197
8,20160320,1,0,2,0,45,48,10390.477
8,20160321,0,0,0,0,10,10,2627.87
8,20160322,0,0,0,1,18,19,4153.417
8,20160323,1,0,0,2,17,12,4634.62
8,20160324,0,1,0,0,23,23,5832.821999999999
8,20160325,0,0,0,0,9,9,2255.94
8,20160326,1,0,0,2,43,34,11550.733
8,20160327,1,0,0,1,9,11,2275.748
8,20160328,1,0,0,2,27,28,6902.483
8,20160329,0,0,0,0,14,14,3090.345
8,20160330,0,0,0,1,0,1,273.28
8,20160331,0,0,0,0,12,10,3093.696
8,20160401,0,0,0,0,7,7,1969.9
8,20160402,13,5,1,3,21,41,6345.941
8,20160403,1,0,0,0,17,15,4589.6
8,20160404,0,0,0,2,14,14,4253.86
8,20160405,0,0,0,1,18,17,5062.885
8,20160406,0,0,1,0,0,1,153.87
8,20160407,1,0,0,0,10,11,2256.084
8,20160408,0,0,1,0,3,4,1034.01
8,20160410,1,0,2,1,32,25,8700.74
8,20160411,1,0,0,1,26,23,6775.21
8,20160412,2,0,1,3,14,15,4428.84
8,20160413,0,0,0,0,8,8,1892.94
8,20160414,1,0,1,0,11,13,4053.58
8,20160415,0,0,0,0,13,12,2856.77
8,20160416,3,1,2,0,49,55,12067.57
8,20160418,2,0,1,0,13,16,3030.826
8,20160419,0,1,1,1,23,26,5523.743
8,20160420,0,0,1,0,23,23,5596.352
8,20160421,0,0,0,0,2,2,607.0
8,20160422,2,1,1,0,87,70,20927.29
8,20160423,0,0,0,0,28,28,6886.314
8,20160424,2,1,0,1,31,34,8476.106
8,20160425,0,1,1,0,2,4,762.82
8,20160427,1,1,1,0,14,15,3747.55
8,20160428,0,0,1,0,28,19,6848.58
8,20160429,0,1,1,0,9,10,2472.409
8,20160430,4,0,0,2,77,53,18533.979
8,20160501,12,0,2,4,198,186,49706.578
8,20160502,2,1,0,2,93,59,25165.716
8,20160503,1,0,0,2,12,15,2913.08
8,20160504,2,0,1,0,17,19,4448.749
8,20160505,1,0,0,2,22,23,5882.172
8,20160506,0,0,0,1,30,31,7213.1619999999975
8,20160507,3,2,0,0,32,31,7225.12
8,20160508,1,4,0,3,60,66,12421.86
8,20160509,1,1,0,0,7,8,1869.62
8,20160510,2,0,1,3,35,39,8693.26
8,20160511,0,1,1,0,6,8,2035.89
8,20160512,8,1,2,0,5,14,1788.75
8,20160513,0,1,0,0,10,11,2584.4
8,20160515,2,2,0,1,43,47,11709.51
8,20160516,1,1,2,1,68,53,16775.254
8,20160517,2,2,1,1,41,43,11196.053
8,20160518,0,0,1,1,26,27,6351.286
8,20160519,0,0,0,2,38,40,9970.845
8,20160520,2,1,0,1,28,31,6180.385
8,20160521,0,0,0,0,31,20,8353.43
8,20160522,4,1,0,8,89,97,24717.03
8,20160523,1,0,0,1,62,26,13205.506
8,20160524,0,2,1,0,27,24,7482.081999999998
8,20160525,0,0,1,0,42,21,9134.41
8,20160526,2,1,1,0,66,20,14060.6
8,20160527,1,0,0,0,10,11,2211.61
8,20160528,3,2,0,8,23,32,7509.839
8,20160529,1,0,0,0,16,16,3883.559
8,20160530,1,0,0,1,36,38,9669.053
8,20160531,12,4,5,3,19,13,6302.875
8,20160601,7,1,0,2,9,5,2521.251
8,20160602,1,0,0,0,16,17,4263.29
8,20160605,1,0,1,1,13,16,3680.67
8,20160606,0,1,1,0,14,16,3574.6690000000012
8,20160607,1,0,2,0,34,35,8175.71
8,20160608,0,0,0,3,23,23,5539.433000000001
8,20160609,2,1,2,3,81,72,20209.848
8,20160610,1,3,1,1,30,34,7779.001
8,20160611,1,0,0,0,4,5,980.55
8,20160612,1,1,0,0,5,7,1661.621
8,20160613,0,0,0,0,11,11,2749.78
8,20160614,0,1,0,1,3,4,961.44
8,20160615,2,2,0,0,0,4,148.07299999999995
8,20160616,0,1,1,0,5,6,1467.854
8,20160618,9,2,3,1,20,28,5944.84
8,20160619,5,1,0,3,35,40,9144.535
8,20160620,0,0,0,1,72,27,16699.29
8,20160621,4,1,1,1,25,27,6438.13
8,20160622,5,0,1,0,4,10,1166.849
8,20160623,0,0,1,0,6,7,1550.82
8,20160624,1,0,0,0,12,12,3064.768
8,20160625,0,0,2,0,15,16,3839.765
8,20160626,2,0,0,0,49,39,11291.401000000002
8,20160627,1,0,0,0,30,17,6084.9569999999985
8,20160628,1,0,0,0,19,17,4011.035
8,20160629,0,1,0,0,8,9,1831.401
8,20160630,1,0,0,0,46,46,10607.713
8,20160701,0,0,1,0,12,13,3131.12
8,20160702,2,0,0,1,17,19,4449.785
8,20160703,1,1,0,0,47,40,11749.295
8,20160704,0,0,0,0,2,2,472.424
8,20160705,1,0,0,0,6,6,1692.925
8,20160708,2,0,0,0,13,13,3173.495
8,20160709,5,4,1,1,46,48,11779.912
8,20160710,1,0,0,0,1,2,264.204
8,20160711,0,0,0,1,6,7,1440.668
8,20160712,0,0,0,0,6,6,1628.0410000000006
8,20160713,0,0,0,0,2,2,518.88
8,20160714,0,0,0,1,0,1,192.8
8,20160715,1,1,0,1,11,9,2983.23
8,20160716,1,0,0,0,15,16,3939.22
8,20160717,4,0,2,0,35,40,8651.671
8,20160718,0,0,1,0,10,11,2176.8920000000007
8,20160719,0,1,1,1,17,19,4785.797000000001
8,20160720,0,0,0,0,5,5,980.03
8,20160721,6,1,1,1,9,16,2798.425
8,20160722,1,0,0,1,5,7,1570.562
8,20160723,15,4,3,5,50,61,14454.263
8,20160724,26,3,6,3,22,43,7998.630999999998
8,20160725,3,0,0,0,47,46,11318.444
8,20160726,0,0,1,0,52,53,12108.381
8,20160727,0,0,0,1,3,4,944.75
8,20160730,2,0,0,0,9,11,2395.014
8,20160731,1,2,0,0,11,13,2947.85
8,20160801,4,1,0,1,9,14,2753.183
8,20160802,2,0,1,1,28,32,7656.868
8,20160803,0,0,1,0,23,24,6167.651
8,20160804,1,0,1,0,17,19,4227.588
8,20160805,7,2,1,2,75,73,19985.896
8,20160806,2,2,0,0,7,10,2493.15
8,20160807,5,0,1,0,38,40,9444.045
8,20160808,3,0,1,1,17,21,4925.7829999999985
8,20160809,4,1,2,0,8,14,2432.804
8,20160810,1,0,0,1,9,11,2417.92
8,20160811,10,8,7,4,12,35,6329.136
8,20160812,3,3,0,0,0,4,440.972
8,20160813,2,3,2,1,54,59,13247.053
8,20160814,9,1,2,2,50,54,12954.923
8,20160815,1,0,4,2,43,48,8803.694
8,20160816,5,2,3,2,36,41,8743.808
8,20160817,4,0,0,0,8,12,2073.932
8,20160818,2,0,0,0,5,7,1423.55
8,20160819,2,0,1,0,28,26,7448.263000000001
8,20160820,1,0,0,1,21,22,4274.74
8,20160821,1,0,1,1,29,30,6644.148
8,20160823,4,3,0,2,45,52,10194.888
8,20160824,0,0,1,1,4,6,1277.67
8,20160825,0,0,0,0,6,6,1408.6170000000006
8,20160826,0,1,0,0,2,3,597.4
8,20160827,2,0,1,2,7,12,2724.773
8,20160828,0,0,2,2,21,24,5480.58
8,20160829,1,0,2,0,20,22,5667.2069999999985
8,20160830,0,0,0,1,1,2,462.777
8,20160831,1,0,1,2,86,24,22475.15
8,20160901,0,0,0,0,5,1,1553.765
8,20160902,5,0,0,0,3,6,952.716
8,20160903,25,7,10,9,19,66,9488.624
8,20160904,1,0,0,0,17,18,4576.11
8,20160905,0,0,1,1,21,23,5664.06
8,20160906,0,0,0,0,62,60,14709.15
8,20160908,1,2,1,1,20,21,5595.239000000001
8,20160909,3,0,0,0,27,18,6397.2159999999985
8,20160910,5,2,1,1,10,12,3041.88
8,20160911,0,1,0,0,11,9,2678.99
8,20160912,0,1,1,0,8,10,2156.417
8,20160913,0,0,0,0,6,6,1480.969
8,20160914,0,0,0,1,12,9,3090.38
8,20160915,2,3,0,1,57,48,13783.63
8,20160916,0,0,1,0,19,20,4945.8290000000015
8,20160917,2,0,0,0,28,30,7019.21
8,20160918,1,0,0,0,13,14,3367.26
8,20160920,1,0,0,0,10,11,2486.61
8,20160921,0,0,0,0,42,42,10989.15
8,20160922,0,1,0,0,23,22,5752.099
8,20160923,0,0,0,1,27,26,6945.01
8,20160924,0,0,0,0,19,19,4528.59
8,20160925,3,7,3,1,81,85,20159.939
8,20160926,0,1,0,0,8,9,1885.038
8,20160927,3,0,0,1,25,26,6540.69
8,20160928,0,1,0,2,39,41,10866.488
8,20160929,1,2,0,0,30,32,7075.17
8,20160930,0,0,0,0,23,23,5680.6
8,20161001,1,1,0,1,42,44,10888.375
8,20161002,3,1,3,2,69,68,20006.468
8,20161003,1,2,0,0,31,29,8199.731
8,20161004,1,0,0,2,33,36,6513.08
8,20161005,1,0,0,1,15,17,4217.11
8,20161006,0,0,0,0,5,5,1369.8339999999996
8,20161007,0,0,0,0,6,6,1327.2279999999996
8,20161008,0,0,0,0,2,2,593.216
8,20161009,1,0,0,3,63,64,14172.263
8,20161010,3,2,4,5,139,147,34691.527
8,20161011,0,0,0,0,4,4,1003.35
8,20161012,1,1,0,0,87,83,20239.781000000006
8,20161013,0,0,1,0,18,19,4736.33
8,20161014,3,0,0,0,25,25,5930.848000000001
8,20161015,0,1,0,1,14,16,3648.71
8,20161016,5,1,1,0,11,17,3006.679
8,20161018,0,0,0,2,25,25,7128.39
8,20161019,0,0,0,0,5,5,1401.602
8,20161020,0,0,0,0,6,6,1647.293
8,20161021,2,0,0,1,1,4,453.18300000000005
8,20161022,3,0,0,2,42,46,10649.124
8,20161023,1,1,0,0,10,11,2774.092
8,20161024,0,0,0,0,12,12,2954.645
8,20161025,1,0,4,0,10,14,3223.861
8,20161026,1,0,0,0,25,25,5731.411
8,20161027,0,0,0,0,7,7,1466.906
8,20161028,0,0,0,0,11,11,2758.894
8,20161029,2,0,1,0,11,14,3244.156
8,20161030,2,1,0,0,7,9,1926.742
8,20161031,0,1,0,0,19,20,4821.4940000000015
8,20161101,1,1,0,1,11,14,2792.251
8,20161102,2,0,0,0,24,24,5681.985
8,20161103,0,0,0,0,11,11,2922.627
8,20161104,3,5,3,2,10,20,3789.512
8,20161105,0,0,0,1,16,15,4399.67
8,20161106,0,1,1,1,24,27,6355.105
8,20161107,0,2,0,1,7,10,2011.665
8,20161108,0,0,0,1,5,6,1486.706
8,20161109,1,0,0,1,3,4,984.356
8,20161110,1,0,0,0,8,9,1788.234
8,20161111,0,0,2,1,113,80,26761.472
8,20161113,2,0,1,1,43,37,10286.904
8,20161114,0,0,0,1,7,8,2100.093
8,20161115,0,0,0,1,11,11,2874.422
8,20161116,0,0,0,1,5,6,1298.347
8,20161117,0,1,0,0,8,9,1917.91
8,20161118,6,6,2,1,13,25,4486.511
8,20161119,4,1,0,1,48,51,12326.481000000002
8,20161120,19,2,2,3,26,36,8012.653
8,20161121,1,1,0,0,6,8,1640.007
8,20161122,5,1,0,0,11,13,2922.305
8,20161123,1,1,0,0,31,32,7774.505999999998
8,20161124,2,0,0,2,5,7,1624.356
8,20161125,1,0,0,0,7,8,1583.391
8,20161126,0,0,0,0,13,13,3046.227000000001
8,20161127,7,0,0,1,29,34,6059.835
8,20161128,0,0,0,0,7,7,1817.921
8,20161129,3,0,0,0,9,12,2093.9120000000007
8,20161130,0,1,0,0,9,8,2498.4970000000008
8,20161201,0,1,0,1,7,8,2144.594
8,20161202,0,0,0,0,6,6,1509.689
8,20161203,0,0,1,0,9,10,2396.962
8,20161204,1,0,0,0,7,8,1362.4979999999996
8,20161205,3,1,0,1,38,30,10072.689
8,20161206,0,1,1,1,22,21,5774.14
8,20161207,3,1,3,1,20,27,4914.32
8,20161208,2,1,3,1,16,23,4429.169
8,20161209,0,1,2,0,9,12,2651.98
8,20161210,3,0,1,1,7,10,2168.6
8,20161211,2,2,0,0,17,19,4201.62
8,20161212,0,1,0,0,12,13,3091.385
8,20161213,3,0,0,1,10,14,2664.744
8,20161214,1,0,0,1,1,3,446.023
8,20161215,0,0,0,1,10,11,2334.283
8,20161216,3,5,1,18,29,52,11570.499
8,20161217,0,0,0,0,7,6,1777.206
8,20161218,1,1,0,2,18,21,5155.335
8,20161219,1,0,1,9,13,24,5105.2959999999985
8,20161220,1,1,0,0,35,37,8030.63
8,20161221,2,0,2,0,9,12,2456.582000000001
8,20161222,1,1,0,0,21,23,5218.316
8,20161223,2,0,4,5,21,27,7388.868
8,20161224,1,1,0,1,1,4,586.118
8,20161225,5,3,5,29,66,105,22555.757
8,20161226,3,1,0,2,25,30,6876.227
8,20161227,0,0,0,0,9,9,2121.63
8,20161228,0,0,0,1,4,5,1142.572
8,20161229,3,1,0,18,42,59,13607.72
8,20161230,1,1,0,1,29,31,7817.211999999998
8,20161231,1,1,0,1,13,16,3405.733
8,20170101,0,0,0,0,2,2,624.5880000000002
8,20170102,1,3,1,9,31,45,9549.213
8,20170103,0,0,0,0,7,7,1792.646
8,20170104,6,7,1,3,33,43,9249.332
8,20170105,5,1,0,1,37,42,9444.749
8,20170106,2,0,2,0,15,18,3827.0290000000014
8,20170107,23,5,1,0,17,44,4832.04
8,20170108,6,2,0,16,12,36,6671.7
8,20170109,3,0,1,7,23,34,6373.0859999999975
8,20170110,0,1,0,8,6,15,3399.54
8,20170111,0,1,0,1,10,12,2768.78
8,20170112,2,1,0,0,11,14,2966.815
8,20170113,3,1,1,3,18,25,5357.529
8,20170114,0,0,1,0,18,18,4234.472
8,20170115,1,0,2,2,42,46,9432.662
8,20170116,0,2,2,8,36,47,9719.81
8,20170117,6,0,3,3,53,60,13869.794
8,20170118,0,0,0,1,35,36,9000.866
8,20170119,0,0,0,0,10,10,2304.334
8,20170120,22,3,7,5,19,42,7641.606
8,20170121,2,0,0,0,15,16,3666.111
8,20170122,21,8,5,6,118,92,33200.011
8,20170123,0,0,1,0,9,9,1965.842
8,20170124,2,0,0,0,47,34,12223.847
8,20170125,1,0,0,0,10,11,2597.344
8,20170126,0,1,1,0,13,14,3933.606
8,20170127,0,0,0,1,12,13,3051.615
8,20170128,0,0,0,0,9,9,1961.833
8,20170129,0,0,0,0,5,5,1196.809
8,20170130,2,0,1,0,35,33,8966.701
8,20170131,0,0,0,1,7,8,2280.97
8,20170201,2,0,0,0,7,9,1755.796
8,20170202,0,0,0,0,5,5,1198.035
8,20170203,1,0,0,0,4,5,1166.621
8,20170204,0,0,2,2,41,28,9771.099
8,20170205,0,1,0,0,12,13,2930.171
8,20170206,0,1,0,0,13,13,3003.56
8,20170207,1,0,0,3,21,15,5814.825
8,20170208,2,0,1,0,26,29,6359.775
8,20170209,1,0,1,0,5,3,1496.82
8,20170210,0,1,1,0,48,29,11494.888
8,20170211,1,1,0,0,8,9,1930.84
8,20170212,2,0,0,0,30,28,7223.626999999998
8,20170213,3,0,0,0,43,42,9634.165
8,20170214,1,1,3,0,20,23,5267.35
8,20170215,0,0,0,2,29,29,7039.472
8,20170216,0,0,1,0,97,95,23478.871
8,20170217,1,1,0,2,65,59,16408.808999999994
8,20170218,0,2,0,0,96,91,23790.713
8,20170219,2,1,0,3,54,59,13663.237
8,20170220,0,3,0,2,10,14,3035.243
8,20170221,0,1,1,0,20,21,5241.305
8,20170222,1,0,0,0,7,8,1732.33
8,20170223,3,1,1,3,20,8,4829.049
8,20170224,1,0,1,0,3,3,718.6080000000003
8,20170225,5,1,2,2,33,36,9008.97
8,20170226,2,2,1,2,23,27,5798.979
8,20170227,0,0,0,1,12,11,2932.499000000001
8,20170228,0,0,0,0,10,10,2282.19
9,20150115,1,0,0,0,0,1,65.071
9,20150119,0,0,0,0,2,1,474.698
9,20150121,0,1,0,0,0,1,114.841
9,20150122,0,1,0,2,2,5,1032.141
9,20150127,1,0,0,0,0,1,32.397
9,20150208,1,0,0,0,1,2,341.983
9,20150214,2,1,0,1,1,5,433.88
9,20150222,1,3,0,0,0,4,281.391
9,20150228,1,0,0,1,0,2,217.529
9,20150308,1,1,0,0,0,2,68.446
9,20150309,0,0,0,1,0,1,217.051
9,20150328,0,1,0,0,1,2,268.334
9,20150330,0,0,0,1,0,1,222.682
9,20150404,2,0,0,0,1,2,231.162
9,20150412,0,0,0,0,5,1,1428.505
9,20160703,0,0,0,0,1,1,244.506
10,20150101,3,3,2,2,6,16,2269.343
10,20150102,11,1,2,3,15,26,5173.8409999999985
10,20150103,4,1,2,9,25,35,8762.366
10,20150104,18,44,5,4,14,72,9577.59
10,20150105,4,2,0,1,15,13,4047.962
10,20150106,3,3,0,0,102,8,27890.356
10,20150107,26,0,1,2,46,27,12774.018999999998
10,20150108,1,5,1,2,97,84,23600.624
10,20150109,9,2,1,3,58,56,14797.972
10,20150110,11,5,4,7,146,127,36049.459
10,20150111,10,3,1,1,135,56,35006.046
10,20150112,3,2,3,0,71,42,18419.469
10,20150113,11,4,1,0,107,90,26063.517000000003
10,20150114,37,10,4,5,73,91,20921.095
10,20150115,23,7,4,4,82,49,22206.811
10,20150116,38,12,8,2,131,73,37022.407
10,20150117,28,10,9,7,127,119,36045.348
10,20150118,3,4,4,5,34,47,10885.848
10,20150119,7,1,0,3,68,47,18010.131
10,20150120,4,0,1,0,17,16,4533.902
10,20150121,5,1,1,1,24,15,6493.844
10,20150122,57,9,5,3,107,114,28024.825
10,20150123,39,8,5,6,109,103,28802.266
10,20150124,47,12,10,5,118,125,32150.271
10,20150125,39,13,15,7,82,117,25213.48
10,20150126,32,8,4,8,50,74,16176.143
10,20150127,37,10,3,6,153,49,40147.968
10,20150128,20,6,1,4,197,40,49171.778
10,20150129,33,9,5,9,92,94,26150.627
10,20150130,34,9,6,3,53,59,15790.841
10,20150131,44,8,7,6,107,99,29682.96
10,20150201,3,3,1,3,21,26,6659.66
10,20150202,4,0,2,0,53,15,14425.801
10,20150203,10,2,2,1,85,30,21714.008
10,20150204,6,4,3,0,153,46,38654.731
10,20150205,22,5,8,5,109,53,30473.172
10,20150206,81,13,8,10,138,146,39192.646
10,20150207,0,1,1,1,65,24,16504.438000000002
10,20150208,23,1,3,7,65,75,19068.97
10,20150209,70,16,7,15,154,157,42957.932
10,20150210,21,7,5,8,185,105,46416.412
10,20150211,36,10,7,10,98,80,28861.367
10,20150212,29,6,3,1,67,78,17574.002
10,20150213,9,6,1,2,26,24,7695.376
10,20150214,16,8,4,5,84,102,23650.209
10,20150215,47,14,5,9,136,168,37020.378
10,20150216,71,11,7,5,160,156,42145.318
10,20150217,17,4,3,6,169,96,43118.084
10,20150218,25,4,6,3,121,93,31745.228
10,20150219,3,2,1,0,86,60,22483.725
10,20150220,3,0,0,0,70,16,17986.881999999998
10,20150221,16,5,7,5,14,43,5988.989000000001
10,20150222,41,17,18,9,193,173,55541.131
10,20150223,22,4,1,4,69,84,18201.5
10,20150224,3,4,1,3,56,34,15351.893999999998
10,20150225,35,3,1,1,56,85,15204.532
10,20150226,25,7,3,4,164,114,43206.052
10,20150227,24,5,5,8,141,144,37855.17
10,20150228,32,8,6,3,75,86,21672.473
10,20150301,16,1,6,3,138,70,40116.176
10,20150302,28,5,3,9,104,108,28842.435
10,20150303,64,5,7,10,101,99,32123.03
10,20150304,5,4,1,2,93,10,28334.551
10,20150305,24,9,2,3,116,87,32205.568
10,20150306,1,1,0,0,11,10,2985.626
10,20150307,6,1,0,0,24,13,6692.879
10,20150308,1,4,0,3,25,26,7654.807
10,20150309,12,2,3,2,18,17,6362.391
10,20150310,15,2,2,5,62,54,18100.997
10,20150311,27,7,9,3,114,126,31365.149
10,20150312,3,0,3,0,13,18,3737.013
10,20150313,2,2,0,1,59,20,17061.877
10,20150314,11,4,3,2,45,55,12724.089
10,20150315,5,1,1,1,5,13,2028.605
10,20150316,21,7,6,7,99,47,27927.27
10,20150317,55,11,4,12,123,155,35098.755
10,20150318,10,1,0,1,66,30,15676.113
10,20150319,60,18,5,3,155,153,40675.506
10,20150320,2,1,1,0,18,4,4943.202
10,20150321,34,8,8,9,141,95,38457.922
10,20150322,6,1,3,0,106,31,25452.321
10,20150323,22,7,7,6,136,86,36403.165
10,20150324,39,6,7,7,100,110,28945.428
10,20150325,10,8,7,3,88,74,24130.902
10,20150326,30,8,5,2,176,138,46261.95400000001
10,20150327,2,0,1,0,34,4,8188.808000000001
10,20150328,0,0,0,0,7,3,1742.9029999999998
10,20150329,0,0,0,0,8,1,1840.0
10,20150330,9,0,2,1,56,32,14996.6
10,20150331,24,7,5,6,139,149,38450.409
10,20150401,27,5,2,18,50,71,17841.556
10,20150402,22,8,3,5,91,33,22395.66
10,20150403,2,1,2,3,13,7,4226.436
10,20150404,18,8,3,5,89,40,24765.825
10,20150405,0,2,4,0,1,7,1058.531
10,20150406,12,5,1,2,69,41,19597.153
10,20150407,1,0,0,0,39,16,9879.998
10,20150408,15,7,1,4,82,45,21584.801
10,20150409,7,4,1,2,81,32,20458.353
10,20150410,6,0,1,2,14,11,4449.301
10,20150411,12,2,1,0,64,44,16527.533
10,20150412,15,2,4,18,27,60,11774.001
10,20150413,4,2,0,0,14,6,4087.016
10,20150414,23,4,3,3,52,50,15234.948
10,20150415,4,1,2,2,132,62,36123.8
10,20150416,39,8,8,7,134,121,37593.93700000001
10,20150417,58,16,5,11,100,109,30862.429
10,20150418,22,1,1,16,73,80,22473.529
10,20150419,37,10,7,4,97,129,25731.725
10,20150420,26,6,0,1,71,83,19280.032
10,20150421,54,10,6,7,146,155,40871.048
10,20150422,15,3,3,2,98,31,27543.578
10,20150423,23,14,4,1,120,120,32829.537000000004
10,20150424,10,7,2,2,77,66,21646.545
10,20150425,15,3,3,7,92,49,26595.135
10,20150426,15,7,1,1,66,68,17667.675
10,20150427,7,5,0,1,41,42,11101.364
10,20150428,5,4,2,2,49,54,13873.168
10,20150429,4,5,2,4,43,54,12317.545
10,20150430,8,8,6,4,27,37,9837.742
10,20150501,13,0,3,6,32,48,9948.123
10,20150502,31,7,1,0,65,89,17920.432
10,20150503,13,0,1,2,54,43,14234.587
10,20150504,20,7,2,5,111,101,30328.069
10,20150505,23,5,8,10,160,151,44066.789
10,20150506,5,4,5,2,61,54,16298.737
10,20150507,5,3,5,2,49,56,14229.851
10,20150508,7,2,2,3,52,33,14024.905
10,20150509,20,7,5,6,84,64,25022.481
10,20150510,9,2,4,3,77,75,21244.649
10,20150511,14,8,4,6,119,96,33458.661
10,20150512,7,3,1,2,57,40,15367.7
10,20150513,24,11,6,3,52,79,15630.155
10,20150514,20,13,13,8,101,128,30335.034
10,20150515,14,5,7,2,90,92,24739.68
10,20150516,14,6,2,3,50,66,14214.243
10,20150517,5,3,1,2,60,52,16534.404
10,20150518,8,5,1,1,28,37,8491.442
10,20150519,0,0,0,0,1,1,287.608
10,20150521,17,5,7,5,54,78,15904.587
10,20150522,3,0,2,1,10,11,2966.85
10,20150523,1,3,1,0,2,4,909.7
10,20150524,2,1,1,1,21,22,5593.0480000000025
10,20150526,6,2,2,0,52,59,13475.012
10,20150527,20,3,4,1,81,96,21696.808
10,20150528,2,0,2,0,28,23,7244.196999999999
10,20150529,8,2,4,1,72,74,19321.917
10,20150530,13,6,13,4,86,77,23483.752
10,20150531,3,3,3,2,85,36,19466.427
10,20150601,16,11,6,3,50,40,13445.243
10,20150602,11,8,5,2,66,51,17422.759
10,20150603,17,13,8,3,81,86,22446.388
10,20150604,19,5,1,4,47,49,12748.803
10,20150605,3,3,3,6,66,50,17275.59
10,20150606,1,1,0,1,81,33,20109.05
10,20150607,1,6,2,0,23,28,5962.262
10,20150608,8,2,1,1,62,21,14332.075
10,20150609,0,2,0,0,41,18,9551.157
10,20150610,12,3,2,7,39,42,11051.559
10,20150611,7,3,1,3,106,64,28108.931
10,20150612,4,2,2,0,38,21,9124.156
10,20150614,0,0,0,0,34,26,7688.751
10,20150615,0,0,0,1,6,7,1586.064
10,20150616,2,0,0,2,14,13,3489.929
10,20150617,7,1,1,0,22,10,5399.776
10,20150618,6,2,4,1,29,30,8016.141
10,20150619,6,4,1,2,9,15,2895.192
10,20150620,30,2,2,5,8,43,3404.366
10,20150621,6,3,3,3,47,17,12103.626
10,20150622,45,4,5,1,112,92,27420.056
10,20150623,0,0,0,0,5,1,1149.91
10,20150624,1,0,0,0,15,1,3452.603
10,20150625,1,0,1,0,4,5,1079.34
10,20150626,17,3,1,4,177,123,43381.318
10,20150627,2,2,0,0,14,17,3386.342
10,20150628,0,0,0,0,2,1,459.964
10,20150629,40,9,5,5,57,82,17352.964
10,20150630,21,3,3,2,71,80,18752.866
10,20150701,62,6,14,10,124,166,36900.655
10,20150702,22,7,7,5,100,118,27807.346
10,20150703,26,1,4,1,97,116,25306.334
10,20150704,4,6,6,6,136,74,37383.186
10,20150705,3,1,0,0,11,14,2810.907
10,20150706,4,11,1,1,12,26,4510.138
10,20150707,21,5,5,2,58,24,16158.886
10,20150708,6,4,1,3,115,15,30427.399
10,20150709,3,5,3,14,11,27,6513.974
10,20150710,2,3,4,1,30,12,9005.466
10,20150711,0,0,0,0,6,1,1525.026
10,20150712,0,0,0,0,8,1,2033.368
10,20150713,7,1,1,1,9,4,2627.632
10,20150714,0,0,1,0,1,2,415.961
10,20150715,3,0,0,1,17,6,4914.643
10,20150716,0,0,0,0,1,1,254.0
10,20150717,5,1,2,3,16,19,5037.439
10,20150718,2,1,3,0,8,12,2314.808
10,20150719,1,0,0,0,13,13,2944.9709999999995
10,20150720,2,0,1,0,23,4,6220.512
10,20150721,2,12,1,1,82,21,21822.332
10,20150722,6,7,5,0,2,18,1926.191
10,20150723,7,18,16,3,21,43,10063.105
10,20150724,17,7,9,9,55,49,18047.815
10,20150725,23,18,12,9,52,78,17256.418999999998
10,20150726,17,5,0,1,50,51,13125.784
10,20150727,17,2,0,3,66,56,17256.708
10,20150728,1,0,0,0,8,8,1972.062
10,20150730,0,1,0,0,28,9,6432.551
10,20150731,36,10,10,10,21,71,9833.193
10,20150803,8,1,1,4,28,28,7587.735
10,20150804,2,0,0,0,11,13,2653.937
10,20150805,17,2,0,0,13,20,3308.93
10,20150806,24,8,9,4,91,116,25819.697
10,20150807,0,4,1,0,12,17,3381.4640000000004
10,20150808,1,2,0,1,1,5,631.571
10,20150809,51,4,10,7,53,99,17268.321
10,20150810,14,5,2,3,18,33,5775.528
10,20150812,5,4,1,4,32,22,9787.475
10,20150813,9,13,5,5,73,60,21025.045
10,20150814,2,0,0,0,2,4,597.555
10,20150816,2,1,1,1,29,23,7945.906
10,20150817,7,1,5,2,32,34,8667.881
10,20150818,32,2,2,3,54,69,14907.483
10,20150819,1,1,2,1,15,14,4714.452
10,20150820,10,2,0,3,10,20,3717.044
10,20150821,10,2,2,3,12,24,4452.564
10,20150822,17,3,1,0,8,29,2624.653
10,20150824,19,1,1,0,11,31,3345.2140000000004
10,20150825,23,1,2,0,9,33,2967.43
10,20150826,14,4,5,3,18,40,6129.639
10,20150827,0,0,1,0,7,8,1717.864
10,20150828,2,1,2,1,1,7,916.434
10,20150831,2,2,0,1,14,19,3982.685
10,20150901,10,0,3,1,24,36,7016.384
10,20150902,54,11,9,6,112,164,31386.322
10,20150903,18,1,1,4,25,46,7451.585
10,20150904,8,0,3,2,16,28,5149.288
10,20150906,2,1,0,4,9,7,3345.376
10,20150908,14,0,4,1,10,28,3467.833
10,20150909,52,7,2,4,97,157,25432.575
10,20150910,83,15,8,3,111,206,30178.224
10,20150911,58,15,7,10,34,102,13853.572
10,20150913,0,0,0,0,22,22,5287.694
10,20150914,16,3,2,0,13,33,3707.586
10,20150915,2,1,0,0,14,17,3801.079
10,20150917,7,1,0,0,8,16,2004.011
10,20150918,0,0,0,0,4,4,974.576
10,20150920,4,0,0,0,3,7,824.1360000000003
10,20150922,15,4,3,3,19,42,6409.849
10,20150924,3,0,0,2,8,9,2457.756
10,20150925,11,5,3,0,21,40,6502.682
10,20150926,2,3,0,0,7,12,1936.796
10,20150927,6,1,0,1,21,12,5426.445
10,20150928,2,0,0,2,20,17,5370.281999999998
10,20150929,0,0,0,0,1,1,262.452
10,20150930,8,5,1,0,32,35,8410.301
10,20151001,14,23,9,4,11,54,7167.715
10,20151004,0,0,0,0,1,1,234.919
10,20151006,0,1,0,0,26,26,6650.254
10,20151007,0,0,0,0,9,9,2292.35
10,20151008,0,0,0,0,1,1,273.92
10,20151010,0,0,0,0,2,2,568.111
10,20151011,0,0,0,0,2,2,568.111
10,20151012,3,0,3,3,15,13,5192.358
10,20151013,8,2,2,8,26,28,8639.025
10,20151014,2,0,4,1,17,22,5173.523
10,20151015,1,0,0,0,5,5,1371.35
10,20151016,1,8,12,7,25,47,9661.017
10,20151018,0,0,0,0,6,3,1628.474
10,20151021,0,0,0,0,1,1,251.716
10,20151023,13,3,2,4,38,34,10527.274
10,20151024,7,1,0,1,35,37,8674.233
10,20151025,1,0,0,0,1,2,268.387
10,20151026,2,1,1,3,4,10,1876.304
10,20151027,0,0,0,0,6,4,1669.6429999999998
10,20151030,1,0,0,0,8,9,2130.866
10,20151031,12,5,4,0,19,31,5975.609
10,20151102,0,0,0,0,13,8,3414.205
10,20151103,3,4,0,1,19,25,5181.807
10,20151105,0,0,0,0,3,3,831.7389999999997
10,20151106,3,2,1,2,12,16,3885.262
10,20151107,1,0,0,0,15,14,3851.024
10,20151108,6,1,0,1,3,8,1195.582
10,20151111,0,0,0,0,3,3,831.7389999999997
10,20151112,2,0,0,0,1,3,283.638
10,20151113,2,0,0,0,20,19,5134.121
10,20151114,4,2,2,4,17,23,5234.362
10,20151115,6,4,9,3,21,40,7384.449
10,20151116,5,2,1,4,9,11,3107.31
10,20151117,12,5,1,2,4,20,2251.076
10,20151118,2,2,0,0,36,39,8339.22
10,20151119,7,2,1,3,36,44,9113.595
10,20151120,3,2,2,1,8,15,2552.376
10,20151121,5,4,1,1,9,16,2951.778
10,20151124,19,0,0,3,27,31,7853.536
10,20151125,0,0,0,0,2,1,501.644
10,20151126,0,0,0,1,16,1,4210.963
10,20151127,1,0,1,0,62,52,14613.662
10,20151128,21,2,0,2,11,33,3292.942
10,20151129,23,5,6,16,60,96,19609.968
10,20151130,0,0,0,0,6,6,1570.5079999999994
10,20151201,8,0,0,2,23,27,5856.995
10,20151202,23,12,0,1,1,37,1527.48
10,20151203,19,17,2,2,6,44,4123.9940000000015
10,20151204,7,1,1,0,5,14,1472.725
10,20151205,0,0,0,0,4,4,1054.146
10,20151206,1,1,3,0,9,14,2788.937
10,20151207,3,1,1,0,27,20,6639.241
10,20151208,0,0,0,0,5,5,1538.0379999999998
10,20151209,0,1,1,1,6,9,2004.281
10,20151210,0,0,0,0,32,31,8255.690999999999
10,20151211,0,0,0,1,3,4,1207.837
10,20151213,1,3,0,0,7,11,1992.508
10,20151214,0,0,1,0,25,26,6071.205
10,20151215,2,0,0,0,18,15,4955.639
10,20151216,0,0,0,0,12,12,3325.466
10,20151218,4,0,2,1,6,12,2047.299
10,20151219,0,0,1,0,2,3,639.17
10,20151220,2,0,1,4,22,14,6411.7559999999985
10,20151221,1,0,0,2,13,13,3721.365
10,20151222,0,3,1,1,81,44,20963.724
10,20151223,0,0,0,0,1,1,241.189
10,20151224,0,0,2,0,16,2,4587.989000000001
10,20151225,3,0,2,3,24,25,6779.32
10,20151226,8,1,0,2,16,21,4657.7959999999985
10,20151229,1,0,0,0,7,1,1897.195
10,20151231,8,2,1,2,6,13,2001.528
10,20160102,9,2,3,5,7,24,3720.545
10,20160103,1,0,2,1,8,7,2691.434
10,20160104,7,1,0,1,26,18,7326.119000000002
10,20160106,7,2,1,0,22,32,6188.744000000002
10,20160107,1,1,0,1,7,10,2049.629
10,20160108,5,1,1,1,65,69,16738.093
10,20160109,1,1,0,1,32,35,8599.308
10,20160110,1,2,0,1,36,37,9753.039
10,20160111,9,3,4,4,42,55,12379.796
10,20160112,5,2,2,2,49,53,13390.685
10,20160113,12,2,1,2,47,27,13875.919
10,20160114,5,0,1,0,13,12,3747.52
10,20160116,0,0,0,0,8,8,2106.569
10,20160117,17,15,6,4,14,49,7268.38
10,20160118,3,4,1,1,32,37,8782.661
10,20160119,3,0,1,1,52,39,13679.171
10,20160120,2,0,1,2,18,22,4951.194
10,20160121,0,1,0,1,20,22,5320.775
10,20160122,0,0,0,0,3,3,813.14
10,20160123,1,3,3,0,9,15,2918.033
10,20160124,3,2,1,1,43,49,11085.165
10,20160125,0,0,0,0,5,5,1271.746
10,20160126,0,0,1,0,8,5,2186.9210000000007
10,20160127,2,0,0,0,29,22,7106.953
10,20160129,10,4,1,10,89,91,24039.241
10,20160130,9,2,3,6,70,81,20211.605
10,20160131,0,0,0,0,20,18,5089.857
10,20160201,4,0,2,1,72,59,18578.475
10,20160202,1,0,0,0,13,2,2618.984
10,20160203,6,7,5,5,47,62,14558.156
10,20160204,10,1,2,0,22,17,6019.845
10,20160205,15,2,4,5,20,42,7015.973000000001
10,20160206,9,4,3,3,13,26,4412.753
10,20160207,44,7,4,4,20,52,6627.7580000000025
10,20160208,19,1,2,0,4,23,1564.5770000000002
10,20160209,7,0,1,1,35,39,9234.567
10,20160211,0,1,1,0,0,2,268.408
10,20160213,90,25,11,18,54,170,21744.523
10,20160217,7,3,0,0,24,32,6361.15
10,20160218,0,0,0,0,11,11,3091.296
10,20160219,6,3,2,1,7,14,2630.36
10,20160220,16,8,2,1,12,34,4164.915
10,20160221,17,3,3,4,17,38,6249.599
10,20160222,5,2,0,0,39,42,9986.603
10,20160223,3,2,1,0,12,10,3161.55
10,20160224,0,0,0,0,2,2,521.927
10,20160225,8,2,0,1,37,43,9638.143
10,20160226,7,6,3,4,16,35,5893.741
10,20160227,10,12,7,7,57,85,17754.119
10,20160302,12,4,1,0,0,15,562.182
10,20160303,42,10,7,2,43,74,13201.373
10,20160304,9,0,0,2,20,23,5664.114000000001
10,20160305,23,1,4,0,15,37,4802.138
10,20160306,11,2,5,4,43,64,12719.121
10,20160307,1,0,0,0,1,2,252.551
10,20160308,1,1,0,2,87,88,22543.911
10,20160309,2,2,0,0,36,38,9003.89
10,20160310,0,3,0,0,36,38,9357.536
10,20160311,0,0,0,0,29,29,7585.514
10,20160312,3,2,0,1,4,7,1482.109
10,20160313,8,0,0,0,5,11,1238.441
10,20160317,1,0,2,1,51,44,12664.365
10,20160318,13,2,1,2,45,21,11175.061000000005
10,20160323,0,0,0,0,3,3,727.7130000000003
10,20160324,12,2,2,2,28,19,7930.03
10,20160325,1,0,0,1,5,6,1431.695
10,20160327,1,0,2,0,5,6,1316.57
10,20160328,3,1,4,1,66,46,16754.68
10,20160329,0,0,0,0,5,5,1161.925
10,20160330,0,1,0,1,14,16,3704.527
10,20160331,3,0,0,1,5,6,1478.35
10,20160401,0,0,0,0,2,2,541.373
10,20160402,3,0,0,0,24,25,6047.892
10,20160403,2,0,0,0,15,12,3626.784
10,20160404,32,6,4,7,71,101,19947.352
10,20160408,7,1,1,0,11,19,2940.622000000001
10,20160409,7,0,0,1,14,17,3560.999000000001
10,20160410,0,0,0,0,6,6,1569.715
10,20160412,3,0,0,0,12,15,3120.63
10,20160413,1,0,0,1,9,6,2337.552
10,20160414,1,0,0,0,14,13,3453.34
10,20160416,21,4,6,4,26,42,8655.527
10,20160420,1,0,0,0,1,2,312.238
10,20160425,10,3,4,4,13,27,5546.629
10,20160426,1,1,2,1,32,36,8937.1
10,20160428,18,3,3,2,39,49,11146.923
10,20160429,13,2,2,1,26,40,7256.573
10,20160430,11,3,1,0,19,28,4938.5
10,20160501,10,2,2,1,23,32,6306.448
10,20160502,24,4,3,1,34,60,8930.309000000001
10,20160503,6,2,3,0,24,35,6287.751
10,20160504,0,0,0,0,41,41,9391.825
10,20160505,1,1,0,0,40,42,10634.753
10,20160506,0,0,0,2,54,55,13301.78
10,20160507,0,0,0,1,32,33,8142.255
10,20160508,6,2,0,1,53,56,13334.096
10,20160509,24,2,3,2,33,50,8687.378
10,20160510,10,6,1,2,68,49,16803.551
10,20160511,1,1,2,2,133,117,32954.736000000004
10,20160512,1,0,2,0,53,53,13226.947
10,20160513,4,2,3,1,35,44,9178.254
10,20160514,3,1,0,2,6,12,1913.517
10,20160516,0,0,0,0,2,2,486.712
10,20160518,9,9,3,6,49,69,14928.577
10,20160520,0,0,1,0,0,1,107.212
10,20160521,13,2,2,1,20,28,6247.75
10,20160522,14,1,1,1,26,40,6942.644
10,20160524,1,0,0,0,1,2,176.332
10,20160526,5,2,2,1,53,63,18491.998
10,20160527,15,2,2,4,41,48,10500.496
10,20160528,40,7,1,2,88,107,23137.991
10,20160529,7,1,1,4,38,49,10740.424
10,20160603,8,0,0,2,66,75,17280.207
10,20160604,13,6,2,5,28,36,8951.973
10,20160605,5,2,1,6,34,45,10427.725
10,20160611,15,9,2,1,37,52,10618.068
10,20160612,24,5,3,2,8,38,3193.3190000000004
10,20160613,18,7,4,6,24,56,8751.844000000001
10,20160616,21,2,3,8,5,39,3728.828
10,20160620,3,8,1,4,29,44,8051.573
10,20160621,0,0,0,0,1,1,259.526
10,20160623,4,1,0,0,21,24,5080.943
10,20160624,71,17,7,7,53,141,17475.848
10,20160625,31,19,9,7,30,92,13166.969
10,20160626,32,2,5,3,21,55,7674.794
10,20160627,9,4,4,1,3,20,1984.966
10,20160630,4,1,2,0,9,12,3009.22
10,20160701,10,8,4,1,37,56,10512.923
10,20160705,16,10,5,1,4,23,2811.4840000000013
10,20160706,9,4,3,3,12,24,4105.946
10,20160707,1,0,0,0,38,39,9981.314
10,20160709,8,2,0,1,20,29,5420.2559999999985
10,20160712,17,13,3,2,3,38,2806.527
10,20160713,3,0,1,0,5,9,1397.701
10,20160722,23,12,10,2,14,48,6156.805
10,20160723,6,2,4,1,10,21,3869.825
10,20160731,19,4,3,1,0,25,1314.899
10,20160801,0,0,0,0,1,1,173.963
10,20160802,6,8,10,0,7,29,3534.508
10,20160803,4,1,0,0,1,6,320.432
10,20160804,17,4,3,1,1,23,1477.6229999999994
10,20160805,12,13,10,2,58,69,18783.909
10,20160806,10,3,6,5,0,15,2672.85
10,20160810,1,0,0,0,9,10,2621.057
10,20160812,27,9,5,2,39,70,12968.195
10,20160813,1,0,1,0,1,3,388.087
10,20160820,17,3,8,2,15,40,5274.294
10,20160821,14,5,2,2,7,15,3105.15
10,20160823,1,1,0,0,12,13,3335.493
10,20160825,6,2,2,2,57,48,11299.29
10,20160826,0,0,0,0,1,1,275.853
10,20160827,1,0,1,0,1,3,369.072
10,20160830,4,4,1,4,8,21,3387.617
10,20160831,1,0,0,2,3,3,1366.5379999999998
10,20160902,10,0,0,0,12,11,3334.49
10,20160903,11,4,1,0,22,30,5770.784000000002
10,20160905,2,1,0,0,6,4,1832.489
10,20160907,21,2,5,6,17,36,6171.339
10,20160908,3,1,1,0,7,9,2464.841
10,20160910,12,6,8,2,48,70,13075.993
10,20160912,6,7,3,0,63,54,17681.86
10,20160915,28,9,6,6,66,81,15827.925
10,20160917,20,0,0,0,24,36,6089.223000000001
10,20160918,12,5,1,1,15,31,4309.335999999998
10,20160920,6,2,0,0,9,16,2077.163
10,20160921,11,4,4,1,12,28,4110.319
10,20160922,5,6,3,4,33,38,9082.783
10,20160923,3,0,2,0,1,6,603.488
10,20160925,2,3,1,1,11,13,3729.088
10,20160927,2,1,1,0,64,66,17287.193
10,20160929,2,2,0,2,8,11,1875.791
10,20160930,8,6,2,1,8,20,2884.428
10,20161001,56,21,8,5,21,101,9961.494
10,20161002,15,15,5,5,16,45,5959.2159999999985
10,20161004,1,1,0,0,3,5,826.852
10,20161006,1,0,0,2,16,18,4187.663
10,20161007,21,3,4,0,45,54,11274.506
10,20161011,18,12,12,7,53,90,17940.612
10,20161012,14,8,4,0,49,61,14608.276000000002
10,20161014,11,3,4,2,28,45,7790.754
10,20161015,0,0,0,1,2,3,990.725
10,20161016,1,1,0,2,6,6,1964.369
10,20161017,6,2,4,2,47,52,13456.203
10,20161019,3,0,2,0,54,51,14674.107
10,20161021,11,2,1,1,51,64,14184.392
10,20161022,14,7,2,2,43,51,11971.631
10,20161023,9,5,3,2,42,45,10438.706
10,20161024,6,3,2,1,36,44,10599.329
10,20161028,2,1,1,0,4,7,1430.453
10,20161102,27,3,4,2,155,113,39038.279
10,20161103,4,4,2,1,154,132,38139.503
10,20161104,14,4,4,1,164,117,41546.403
10,20161105,18,5,6,4,142,138,35040.722
10,20161106,14,5,2,5,94,88,25238.799
10,20161107,2,2,0,0,91,75,22084.543
10,20161108,0,1,0,0,68,64,17519.386000000002
10,20161109,3,0,0,2,30,33,7757.503000000002
10,20161110,3,2,1,0,88,52,20328.678
10,20161111,0,1,1,2,27,26,6915.028
10,20161115,1,0,0,0,4,5,934.974
10,20161118,7,1,0,0,23,24,5779.134
10,20161120,8,6,1,2,2,16,1700.35
10,20161121,0,0,0,1,1,1,374.073
10,20161125,1,3,2,1,9,16,3196.482
10,20161126,6,1,5,1,51,53,13468.337
10,20161129,2,4,6,4,41,36,10360.947
10,20161201,10,3,2,0,1,15,776.915
10,20161203,8,9,8,1,75,62,19494.054
10,20161204,14,6,4,6,15,40,6548.214
10,20161205,6,1,1,0,19,17,5449.732
10,20161206,0,0,0,0,33,32,8534.132
10,20161207,5,2,2,0,26,27,7047.323
10,20161208,3,1,0,1,4,7,1154.953
10,20161211,27,5,0,2,79,68,21857.646
10,20161212,8,2,7,1,65,43,18897.349
10,20161213,5,4,2,2,45,27,12605.608
10,20161214,18,7,6,4,22,43,7721.795999999998
10,20161215,3,0,0,1,12,8,3123.612
10,20161216,11,0,2,2,17,28,4949.378
10,20161217,16,8,1,6,51,57,15090.746
10,20161218,3,1,3,1,9,17,2834.573
10,20161220,8,3,1,2,8,16,2584.673
10,20161222,3,0,1,4,46,48,12261.968
10,20161223,0,1,0,0,8,9,1931.578
10,20161224,0,2,0,1,0,3,404.69
10,20161225,1,0,0,0,3,4,692.669
10,20161227,1,0,1,1,3,5,1029.879
10,20161228,11,10,4,6,16,34,7133.766
10,20161230,0,0,0,0,9,9,2309.92
10,20161231,5,8,4,2,13,26,4651.419
10,20170101,7,3,0,2,59,66,13955.238
10,20170102,50,31,4,0,11,81,6855.198
10,20170103,28,14,6,5,33,78,11546.39
10,20170104,26,11,15,5,42,78,14799.277
10,20170105,24,7,9,7,44,76,14995.182
10,20170106,10,1,1,4,31,40,9291.884
10,20170107,3,1,1,2,20,22,4840.024
10,20170108,18,9,4,3,10,42,5160.912
10,20170109,2,2,2,5,20,31,6066.602
10,20170110,5,1,2,0,30,38,8685.039
10,20170111,0,1,0,1,19,17,5270.22
10,20170112,1,0,0,1,19,16,4996.085
10,20170113,2,2,1,2,28,31,7910.925999999998
10,20170114,13,17,15,3,24,57,10372.257
10,20170115,16,23,7,12,59,88,21374.834
10,20170116,19,11,6,3,7,38,5249.805
10,20170118,5,5,3,4,17,24,6759.8409999999985
10,20170119,0,2,0,0,10,10,2932.407
10,20170121,19,11,2,5,8,43,5246.833000000001
10,20170123,7,2,4,5,46,38,14250.955
10,20170125,2,0,2,0,29,33,7577.887
10,20170126,4,3,0,0,19,26,4485.4540000000015
10,20170127,4,6,2,1,10,20,3129.746
10,20170128,5,3,0,1,0,9,707.465
10,20170129,16,7,8,9,39,62,14383.254
10,20170130,3,1,0,2,17,20,4466.019
10,20170131,0,1,3,0,0,4,447.402
10,20170203,13,9,5,8,26,44,9553.838
10,20170205,0,1,1,0,7,9,1939.791
10,20170206,4,5,0,2,6,14,2239.454
10,20170207,0,0,0,1,2,3,694.1619999999997
10,20170208,12,1,3,2,53,62,15078.392
10,20170209,13,3,3,5,43,37,12981.473
10,20170210,27,6,1,7,45,32,14931.346
10,20170211,4,3,1,1,15,16,4798.859
10,20170212,3,3,2,0,20,28,5342.917
10,20170213,10,3,1,2,47,47,13223.716
10,20170215,0,0,1,0,5,6,1505.07
10,20170217,23,17,1,1,7,41,3609.301
10,20170220,7,2,3,0,8,16,2204.764
10,20170221,12,2,3,5,30,43,9265.646
10,20170222,11,7,7,4,3,18,3784.07
10,20170223,15,3,1,1,7,25,2226.863
10,20170225,3,0,0,1,1,5,243.728
10,20170226,4,0,3,0,10,12,3339.64
10,20170227,4,2,2,1,19,24,6118.925
10,20170228,23,13,8,5,29,69,10686.883999999998